cap-diameter,cap-shape,gill-attachment,gill-color,stem-height,stem-width,stem-color,season,class
902,2,1,4,4.5,1454,6,1.79,0
1235,4,1,1,4.2,1670,8,2.04,0
1660,3,2,4,3.63,1127,4,1.52,0
1070,3,1,6,4.09,1701,9,1.58,1
906,2,2,7,5.59,1542,8,1.92,0
871,3,1,7,2.79,1358,7,2.44,0
1500,2,1,7,2.09,1526,7,2.22,1
820,3,1,3,5.45,1312,3,1.59,1
1414,1,2,6,4.31,1074,6,2.35,1
921,2,1,8,5.56,1545,5,2.23,1
1266,3,2,4,4.39,1195,1,2.11,0
1014,4,1,8,5.24,1028,11,2.32,1
1130,3,1,2,3.72,1705,3,1.9,1
1258,4,1,10,5.0,1015,1,1.72,1
887,4,1,9,5.65,1422,4,2.01,1
1172,1,1,9,4.29,1588,10,2.05,0
899,2,2,8,2.72,1592,3,2.04,1
1671,3,2,10,3.08,1404,11,2.07,1
1463,1,1,10,2.79,1635,4,2.45,1
930,3,1,1,2.99,1530,9,2.4,1
1461,4,1,2,3.23,1613,3,2.38,0
1108,2,1,6,4.22,1076,6,2.3,1
1569,3,2,10,4.35,1228,6,2.44,1
1143,3,1,5,3.71,1296,7,1.6,1
1291,4,2,9,4.46,1509,9,1.77,0
1213,3,1,5,2.33,1714,7,2.0,1
1605,3,2,2,2.35,1572,1,2.35,1
1185,4,1,10,2.69,1537,8,2.01,0
991,1,1,4,4.07,1582,5,2.25,1
1755,4,2,9,2.86,1614,9,1.64,0
1076,1,1,1,3.13,1325,10,1.75,0
960,2,1,11,3.6,1362,5,2.23,1
1259,1,1,1,5.25,1668,5,1.66,1
1113,1,2,7,2.06,1358,2,1.85,0
821,2,1,11,4.6,1705,11,1.76,0
1052,1,1,3,4.68,1786,3,1.85,1
1547,4,2,10,5.19,1323,10,2.21,0
1656,1,2,2,5.73,1697,9,1.87,0
1360,2,2,9,2.08,1325,7,2.06,1
1274,4,1,3,2.62,1624,1,1.6,0
858,2,1,2,5.54,1164,3,2.31,0
1310,2,1,8,3.83,1572,2,1.87,0
1481,3,2,10,4.26,1603,1,2.15,0
1275,3,1,6,4.65,1797,9,2.23,0
1499,2,1,6,4.72,1454,8,1.71,0
1775,2,2,10,5.73,1152,5,2.38,1
1582,2,2,11,5.99,1736,11,2.12,0
989,3,2,7,4.88,1126,2,1.93,1
1757,3,2,7,3.15,1192,1,1.68,1
1486,1,2,11,5.52,1626,7,2.44,1
1757,1,1,6,2.2,1773,11,2.26,1
1362,2,2,4,2.92,1529,11,1.71,1
1675,4,1,11,5.59,1009,2,1.84,1
1366,4,1,9,3.02,1091,1,2.31,1
1043,3,2,6,2.88,1138,2,2.2,1
1631,3,2,4,2.55,1480,7,2.27,0
1304,3,2,3,5.44,1448,7,1.94,1
930,2,1,4,4.0,1332,10,2.22,1
1284,4,2,3,4.7,1339,6,1.89,1
1618,1,2,2,2.96,1051,5,1.71,0
1446,2,2,5,5.03,1706,3,2.13,1
820,1,2,2,5.04,1465,3,2.48,0
1640,1,2,6,3.25,1717,11,1.81,1
966,2,1,3,3.64,1798,9,1.96,1
1073,1,1,6,2.84,1474,4,2.17,0
1187,4,1,11,5.91,1400,9,2.04,1
1400,1,2,10,4.58,1438,4,2.34,0
1115,4,2,9,5.74,1604,2,2.26,0
813,4,2,1,3.21,1656,4,1.56,1
1041,4,1,6,5.13,1597,6,2.5,1
1576,3,2,9,5.06,1508,6,2.25,0
1145,1,2,11,4.77,1152,5,2.36,0
1364,2,2,4,5.86,1513,1,2.15,1
1697,2,1,11,3.57,1502,3,2.36,1
1139,1,2,2,2.52,1771,5,1.61,1
891,3,1,4,4.69,1675,6,1.85,0
1166,3,2,1,4.92,1005,1,2.38,1
1755,4,1,3,4.3,1499,9,1.7,0
1254,1,1,10,2.83,1660,3,1.58,1
1227,1,1,9,4.02,1716,10,2.29,0
1308,2,2,10,3.25,1117,3,2.34,0
1575,1,2,5,3.71,1484,11,1.66,1
1742,3,1,11,4.58,1600,2,2.35,0
834,1,1,6,4.98,1665,8,2.19,0
1005,2,2,3,2.93,1678,3,2.02,0
880,4,2,5,3.62,1467,6,2.33,0
1731,2,1,11,3.08,1160,2,1.92,0
1361,2,2,8,2.79,1269,7,1.69,1
1671,4,2,6,5.13,1055,4,1.78,1
1187,2,2,4,5.64,1227,9,2.01,0
801,2,2,2,3.48,1148,10,2.03,1
1189,1,1,9,5.01,1045,9,2.31,0
1365,1,2,1,5.59,1143,7,2.29,0
905,4,2,1,5.38,1749,8,2.08,1
1571,1,1,4,2.73,1783,3,2.28,0
1621,1,1,7,5.83,1631,11,1.69,0
1276,2,2,1,3.51,1339,5,1.55,0
1502,3,2,9,3.36,1412,2,2.37,1
1201,1,2,4,2.25,1731,10,1.58,1
1529,3,2,3,3.94,1519,7,1.75,0
1355,1,1,1,2.44,1343,8,2.2,0
961,1,1,10,2.99,1386,9,1.91,0
1001,4,1,4,3.27,1472,11,2.38,0
1757,4,2,9,5.24,1274,11,1.8,0
1795,4,2,10,5.5,1352,7,1.51,1
1069,3,2,6,3.21,1065,10,1.8,1
1662,2,2,6,5.43,1078,10,2.08,1
1615,1,1,1,5.43,1597,8,1.88,1
1070,1,1,10,5.06,1635,9,2.03,0
1255,1,2,2,2.59,1201,6,2.38,0
1261,3,1,11,4.76,1661,10,2.41,1
1526,4,2,6,5.78,1557,2,1.77,1
1051,2,2,2,4.73,1112,2,1.96,0
1501,3,1,3,3.33,1090,4,2.05,1
1095,4,2,4,4.0,1140,9,2.45,0
1524,3,2,11,4.58,1288,7,2.5,0
1519,2,1,5,4.04,1729,2,1.74,0
1548,4,2,9,2.48,1588,8,2.23,1
1137,3,2,4,3.25,1410,11,1.88,1
1678,2,1,11,5.21,1376,7,1.51,1
852,1,2,9,5.45,1383,9,1.51,1
1591,2,1,11,2.55,1151,8,1.96,1
1721,1,2,10,5.81,1750,3,1.99,0
1016,3,1,3,3.32,1626,1,1.52,1
1563,4,1,8,4.65,1318,2,2.19,0
987,4,1,1,5.01,1368,2,1.79,0
1179,3,2,11,5.25,1605,4,2.06,0
1292,4,1,9,5.78,1559,6,1.8,1
840,4,1,9,3.25,1702,4,1.67,1
956,1,1,10,5.43,1461,9,1.91,1
814,3,1,2,2.53,1011,4,1.73,1
1612,2,1,4,4.82,1155,6,2.03,1
864,1,2,8,4.97,1683,6,1.7,1
1656,3,2,7,4.71,1476,10,2.01,1
1638,1,2,1,3.01,1400,11,1.66,1
1320,2,2,5,5.49,1176,10,2.17,0
1143,2,2,7,2.68,1340,1,2.25,1
928,3,2,4,2.21,1056,8,1.61,0
1447,2,2,1,4.87,1447,3,1.97,0
1271,1,1,9,3.9,1202,6,1.57,0
862,2,2,5,5.4,1696,3,2.1,0
938,1,1,11,3.53,1632,11,1.76,1
1298,1,1,2,2.67,1737,2,2.03,1
1392,2,2,8,5.35,1201,5,2.02,0
1191,3,1,11,4.2,1329,1,2.42,0
1474,4,1,2,2.76,1362,9,2.05,0
1218,2,1,3,4.88,1453,11,2.08,1
1088,1,1,10,4.04,1355,7,1.9,0
1178,1,2,1,4.42,1215,3,2.45,0
1572,2,2,11,3.84,1554,4,2.28,1
1289,3,2,2,5.31,1022,6,1.79,0
1030,3,2,7,5.32,1154,3,2.34,1
840,1,2,10,4.84,1185,7,1.93,1
827,1,2,2,2.42,1248,6,2.33,0
934,3,2,6,5.36,1748,9,2.32,0
1000,4,2,3,4.68,1133,5,1.69,0
1639,2,2,4,4.79,1320,4,2.2,1
1579,1,2,11,3.45,1389,3,1.79,1
1729,1,1,8,5.52,1433,10,1.8,1
832,3,2,3,4.9,1021,1,1.8,0
847,2,1,10,2.45,1599,3,2.23,0
1302,3,1,6,3.63,1664,3,1.73,0
1206,2,1,1,5.55,1124,7,1.5,0
1373,2,1,7,2.19,1078,7,2.22,0
1527,2,2,8,5.85,1050,1,1.67,0
1604,1,1,11,4.72,1727,3,1.6,1
898,4,2,8,4.53,1175,8,1.74,1
1483,3,2,3,3.08,1252,9,1.88,1
1671,4,1,10,3.0,1245,7,1.98,0
1525,3,2,1,5.77,1738,7,1.54,1
1786,2,1,9,3.19,1105,11,2.47,1
1346,1,1,6,5.1,1192,8,2.22,1
1760,4,2,11,3.57,1315,6,1.82,0
1538,1,2,9,2.56,1301,11,1.82,0
1412,3,1,7,2.04,1547,3,1.95,1
1742,1,2,1,4.18,1715,1,2.13,0
1261,1,2,1,5.9,1778,7,1.65,0
1442,4,2,6,3.48,1267,1,1.69,0
1568,2,1,5,3.43,1169,1,2.36,0
804,1,1,9,3.38,1550,9,1.76,1
1017,2,2,2,4.08,1454,10,1.88,0
1302,3,2,8,3.76,1650,7,2.37,1
1566,1,2,11,5.52,1291,11,2.16,1
1197,4,2,5,4.02,1563,4,1.84,0
1670,3,2,2,4.03,1798,6,2.18,0
1594,3,1,10,2.55,1140,1,1.52,0
1192,4,2,11,5.93,1145,7,2.24,1
1006,1,1,11,3.0,1424,6,1.99,1
814,1,2,6,2.29,1313,4,2.31,1
1657,3,1,10,4.65,1183,7,2.45,1
1353,1,2,8,4.38,1663,3,2.43,1
1691,2,1,4,3.66,1712,1,2.41,1
1260,4,2,2,3.69,1127,4,2.01,1
1490,2,1,11,5.14,1286,3,1.86,0
1374,1,1,5,2.78,1252,1,1.97,1
1663,3,1,2,5.28,1777,2,2.19,1
1542,4,1,2,4.59,1699,11,2.38,1
1040,1,1,6,3.68,1385,5,1.71,1
1363,1,1,11,3.83,1229,8,2.42,0
895,3,2,10,3.03,1270,1,2.32,1
1699,3,1,9,5.01,1770,4,2.48,1
1533,2,2,4,4.05,1414,4,2.38,0
1284,4,2,6,3.28,1197,5,1.78,0
1206,4,2,7,4.38,1322,7,1.61,1
1030,3,2,11,5.98,1055,8,1.61,1
1548,2,2,6,3.74,1202,6,1.79,1
1454,4,1,8,5.68,1782,1,2.11,1
970,3,1,4,3.38,1620,7,2.3,1
1340,1,1,1,2.22,1627,3,2.4,1
835,4,2,7,2.82,1603,6,2.12,0
1324,2,1,3,3.67,1137,8,1.51,0
959,2,1,6,2.88,1421,7,1.69,1
1638,2,1,2,2.0,1056,10,1.6,1
1498,1,1,9,5.66,1561,6,1.86,1
1042,4,1,1,5.38,1070,9,2.0,0
885,4,2,6,4.97,1593,9,1.54,1
1595,1,1,6,2.67,1371,1,1.85,0
1377,4,2,5,2.48,1616,1,1.68,0
1481,1,2,5,2.27,1599,1,2.15,1
1356,1,2,1,4.9,1513,8,1.96,0
1373,1,2,10,5.72,1083,10,2.0,1
1752,2,2,5,3.72,1042,7,1.93,0
1445,4,1,2,2.48,1665,3,2.46,1
1595,1,1,7,4.05,1605,2,1.71,1
827,4,1,3,3.4,1132,4,2.02,0
1419,2,2,4,3.5,1394,3,2.24,0
1355,1,1,3,4.49,1064,7,2.06,0
1139,3,1,3,4.87,1289,10,2.43,1
1597,2,2,4,2.44,1375,8,1.88,0
1757,3,2,5,2.14,1768,6,1.96,0
1130,4,2,1,5.98,1466,3,1.59,1
1439,4,2,4,2.93,1212,6,2.11,1
1305,2,1,11,2.22,1147,2,1.79,0
1147,4,2,8,2.76,1572,7,1.66,0
1272,3,2,10,2.16,1470,11,2.04,0
1030,1,1,7,3.57,1148,10,2.03,1
989,1,1,9,5.21,1087,7,1.58,1
1024,1,2,5,3.36,1323,4,2.2,0
1184,2,1,10,3.78,1395,8,2.12,1
1176,4,2,4,4.7,1789,4,1.69,0
1082,3,2,8,4.04,1403,7,1.97,0
1757,4,1,9,5.45,1081,4,2.22,1
1432,4,1,7,5.46,1640,5,2.03,0
1427,4,2,7,2.04,1285,7,1.9,0
1772,1,2,5,5.11,1381,10,1.82,1
1544,3,2,4,3.84,1791,3,2.11,0
1058,3,1,10,5.96,1269,10,2.44,0
1158,4,2,1,3.93,1291,5,2.17,1
1509,1,2,10,5.95,1452,11,1.57,0
1255,1,2,10,5.02,1714,3,1.96,0
1210,3,2,7,2.99,1023,5,2.39,1
1448,1,2,1,4.15,1310,3,1.59,1
1117,1,1,1,5.97,1460,11,2.49,1
1476,1,2,5,5.43,1207,10,2.45,0
1024,2,2,9,2.39,1791,11,1.58,1
1618,4,2,6,4.83,1716,7,2.43,0
1033,3,2,3,3.38,1663,1,1.86,1
1483,3,1,3,2.03,1437,9,2.34,0
1463,2,1,7,3.61,1537,9,1.92,0
1774,4,1,6,2.94,1705,5,1.94,1
1626,3,2,9,5.28,1335,9,2.13,0
1173,1,2,6,3.35,1421,10,2.27,0
1471,3,1,5,5.31,1749,6,1.53,1
1407,1,1,10,2.0,1320,5,2.09,0
1271,2,1,7,3.23,1496,3,1.69,0
1032,1,2,1,2.96,1586,11,1.85,0
1491,3,2,7,2.93,1162,11,1.85,1
912,3,1,3,2.27,1540,8,1.97,1
1629,3,1,9,2.75,1164,4,1.83,1
1296,2,1,6,4.22,1697,10,1.61,1
1241,2,2,9,3.17,1565,3,1.65,1
1363,4,2,5,3.67,1294,6,1.53,1
1067,3,2,7,3.51,1041,8,1.97,1
1309,1,1,4,5.5,1284,9,2.45,1
1606,2,1,7,5.62,1386,6,1.62,0
1185,3,2,1,3.97,1137,5,2.45,0
1186,3,1,7,3.32,1186,11,2.23,0
912,2,2,8,2.43,1715,2,2.14,0
1412,4,1,5,5.81,1430,2,2.15,1
1424,2,1,2,2.24,1553,9,2.33,0
1751,2,1,5,3.19,1415,2,1.61,0
880,1,1,6,3.19,1799,2,2.0,0
1498,1,2,2,3.28,1425,3,2.2,0
912,4,1,6,2.66,1415,3,2.09,0
801,3,2,6,5.13,1025,4,2.33,1
1441,2,2,1,2.49,1370,7,1.57,1
1019,4,2,1,4.54,1384,9,2.19,0
1365,1,1,11,2.5,1055,2,2.03,0
1654,2,2,10,2.28,1252,4,1.88,0
1796,3,2,3,5.64,1633,9,1.84,0
1535,1,2,10,2.76,1105,2,2.12,1
1024,1,1,10,5.29,1129,10,2.39,0
1184,1,1,3,4.18,1669,11,2.0,1
1202,4,2,4,2.31,1375,1,2.32,0
1437,3,1,2,5.82,1742,10,1.9,1
929,2,2,9,2.99,1307,8,1.6,1
852,4,2,10,5.44,1090,9,1.56,1
1483,4,1,11,2.68,1392,7,1.55,0
1529,4,2,7,5.42,1533,8,1.88,0
1471,1,1,7,2.05,1109,4,1.84,1
1509,3,1,6,4.05,1560,4,2.22,0
1215,4,2,3,5.08,1640,2,2.24,0
1046,2,1,6,5.74,1584,8,1.55,1
1635,3,1,8,5.64,1339,11,1.72,0
1238,2,2,8,5.28,1564,2,1.77,1
1002,3,2,11,5.55,1355,9,2.05,0
983,2,1,9,2.8,1167,4,1.64,0
922,1,1,1,3.14,1556,1,1.63,1
1200,4,2,1,3.16,1451,4,2.44,1
1566,2,1,3,3.51,1104,3,2.3,1
1093,3,1,3,3.57,1149,6,1.68,1
1079,4,1,10,4.18,1145,7,1.91,0
1636,4,1,8,2.64,1715,8,1.86,0
1683,3,1,10,4.76,1298,2,2.29,0
1409,2,1,1,2.67,1166,6,2.01,1
997,1,1,2,3.24,1712,6,1.63,0
1781,1,2,2,4.01,1645,10,2.24,0
1706,2,2,3,5.19,1722,5,1.9,0
1310,4,2,6,4.96,1047,10,1.76,1
1551,4,2,1,4.58,1637,10,1.88,1
943,4,2,2,2.62,1238,7,2.0,0
1408,4,1,1,4.19,1006,3,1.84,0
1000,2,1,5,2.35,1463,4,1.74,1
923,4,1,7,3.51,1452,10,1.9,1
986,3,1,8,3.65,1783,9,1.52,1
1125,4,2,10,2.16,1370,4,2.27,1
1263,1,1,1,3.1,1548,3,1.67,0
1148,4,1,7,5.82,1486,2,1.54,1
1570,2,2,5,5.81,1210,5,2.15,0
1459,1,1,10,3.41,1164,4,2.27,1
1563,2,1,1,2.17,1124,8,2.31,0
1754,2,2,3,2.72,1336,7,1.99,0
1731,1,1,7,3.57,1191,6,1.71,1
1202,2,1,10,5.79,1729,11,2.24,0
1145,2,1,1,2.56,1213,2,2.2,0
1762,4,1,7,5.05,1573,3,1.75,0
1310,3,1,5,2.43,1327,10,2.4,1
946,2,2,1,5.93,1380,9,1.6,1
947,2,2,1,3.53,1672,9,2.48,1
1663,2,2,1,5.1,1577,5,2.36,0
1510,4,2,11,3.37,1797,3,2.19,0
1619,3,2,9,4.51,1238,2,2.44,0
1288,1,2,11,2.77,1531,8,2.22,0
1728,4,1,3,2.58,1699,6,1.69,1
1735,4,2,5,5.75,1081,10,1.94,0
1439,3,2,11,5.67,1362,11,1.57,0
1350,3,1,10,5.55,1504,7,1.89,0
1137,4,1,9,4.5,1201,1,2.24,1
1671,1,2,6,5.23,1503,1,1.89,0
1440,4,1,9,2.28,1643,10,1.83,1
1578,3,2,8,3.34,1036,2,2.1,1
1787,1,1,8,3.25,1643,10,2.37,0
1752,3,2,1,4.54,1588,3,1.55,0
1272,1,1,9,3.42,1600,1,1.89,0
1745,2,1,6,2.59,1401,5,1.66,0
950,3,2,9,4.39,1764,3,2.2,1
1214,3,2,3,5.26,1705,1,1.61,1
1789,4,2,3,3.53,1175,8,2.16,1
1097,3,2,6,2.53,1544,11,1.79,1
1410,3,2,9,2.79,1569,6,1.7,1
1062,2,1,7,2.95,1466,9,2.44,1
1563,3,2,3,3.2,1200,3,1.52,1
943,2,2,3,4.57,1539,9,1.94,1
1145,2,1,2,4.4,1546,9,1.52,1
1423,2,1,9,4.78,1636,1,1.98,1
1371,2,2,3,3.45,1393,3,2.0,0
1680,1,1,11,5.3,1041,6,1.82,0
801,4,1,5,2.82,1596,8,1.63,0
1696,1,2,9,3.88,1392,4,1.88,1
1103,3,1,8,5.2,1699,5,2.17,0
1053,1,1,2,2.72,1622,9,2.28,1
1451,1,2,3,2.44,1782,6,2.03,1
1252,3,2,2,5.53,1440,7,2.09,0
836,3,1,8,3.37,1616,7,1.7,1
959,3,1,6,4.74,1505,4,1.79,0
808,1,2,6,2.1,1319,4,1.66,1
1032,1,1,9,4.76,1552,4,1.75,1
898,3,1,8,3.26,1214,11,1.72,0
1458,4,1,4,2.22,1070,5,2.02,0
1615,4,2,4,4.44,1567,5,2.06,0
1007,2,1,9,2.96,1235,8,2.44,0
930,3,1,1,3.55,1280,9,1.7,0
1203,2,2,2,2.32,1616,2,2.14,0
951,4,1,2,2.59,1161,11,2.32,1
853,2,1,6,3.19,1190,7,2.06,1
919,3,2,4,2.36,1008,1,1.76,1
1472,3,2,11,5.64,1059,1,1.76,1
1719,3,2,10,2.02,1224,4,1.54,0
1427,1,2,3,3.94,1699,10,1.81,1
1386,2,1,3,2.49,1581,7,2.24,1
1424,4,1,3,3.23,1286,2,1.55,0
1767,4,2,6,5.7,1168,11,1.72,1
1219,4,2,8,2.65,1061,2,2.21,0
1221,1,1,11,5.86,1348,1,2.28,0
903,1,2,7,2.82,1441,10,1.96,0
1651,3,1,4,4.97,1013,2,2.2,1
1053,4,2,11,4.19,1163,7,1.89,0
1026,1,1,4,5.54,1419,9,1.66,1
911,3,2,11,4.22,1756,6,1.9,1
1309,4,2,10,4.14,1519,10,2.08,1
1272,2,1,11,2.78,1665,2,2.45,0
898,3,2,11,2.66,1547,10,1.57,0
952,1,1,11,5.67,1559,10,2.01,0
1660,1,1,2,3.31,1596,9,1.83,1
1713,3,1,1,3.49,1027,7,2.01,1
1695,3,1,9,5.04,1707,11,1.52,0
1677,1,1,2,3.36,1445,1,1.81,1
1137,2,2,8,5.81,1207,9,2.32,0
1505,4,2,9,4.95,1469,2,2.05,0
1621,2,1,4,4.39,1715,4,1.95,1
962,3,2,8,5.52,1103,9,1.79,1
1519,2,1,9,2.2,1741,4,1.8,0
1756,1,2,10,3.03,1425,3,1.88,1
1480,3,2,10,3.86,1100,1,2.34,0
1795,4,2,5,2.91,1540,7,2.47,0
960,1,2,7,4.98,1638,6,1.94,1
1379,1,1,10,5.68,1521,10,1.89,0
1600,4,1,4,3.7,1105,4,2.35,1
1197,4,2,1,3.37,1678,6,1.93,0
1076,2,2,3,5.85,1768,6,2.05,1
1615,3,1,5,3.78,1276,4,1.73,1
1715,4,2,3,3.96,1064,6,2.24,0
1303,4,1,11,3.41,1782,10,2.03,1
1695,3,1,7,5.64,1187,11,2.31,1
1191,4,1,9,4.28,1316,8,2.28,0
934,4,2,6,5.05,1137,3,1.72,1
994,2,1,10,5.25,1342,4,2.22,0
1200,1,2,1,3.37,1104,10,2.3,1
1439,1,1,7,3.73,1545,1,1.85,0
832,1,2,3,5.39,1379,4,1.67,0
1487,1,2,5,3.45,1109,11,1.5,0
1259,4,2,10,5.18,1544,10,1.95,0
1754,3,1,4,5.76,1353,10,1.85,1
1682,3,1,10,4.49,1742,9,2.05,0
1269,2,2,5,4.97,1316,8,1.69,1
1174,2,2,5,5.22,1265,11,2.36,0
821,4,2,6,5.38,1693,4,1.76,1
1549,3,1,10,3.58,1064,7,1.73,0
1469,3,1,10,2.21,1332,10,1.98,1
837,1,1,11,3.61,1512,3,2.0,1
1029,4,1,6,4.7,1132,9,1.72,0
1164,4,2,8,3.8,1591,10,1.77,0
1362,1,2,8,5.0,1782,4,1.67,0
1237,4,1,11,3.43,1752,2,2.22,1
1575,4,1,9,4.54,1539,10,2.27,1
1082,2,2,8,2.75,1734,5,1.96,1
826,3,1,11,5.0,1534,2,2.21,1
1025,4,1,2,4.18,1495,10,2.24,0
1076,2,1,10,2.82,1620,6,1.64,0
1597,3,1,11,3.17,1618,11,2.47,0
1408,1,1,1,4.99,1656,10,2.32,0
1083,2,1,10,3.93,1368,1,1.7,1
1678,2,2,2,2.86,1650,6,1.69,1
1759,3,1,2,5.87,1795,4,1.63,0
1280,1,1,3,4.86,1098,3,1.64,1
1252,2,2,10,5.83,1316,2,2.25,0
1628,4,2,7,3.71,1122,7,1.97,1
1615,4,2,2,3.9,1319,9,2.28,1
1458,4,1,1,5.59,1798,3,2.25,1
1315,1,2,6,4.1,1592,6,2.1,1
1346,2,1,9,4.83,1494,9,2.19,1
991,4,1,3,3.01,1456,2,1.52,1
848,1,1,6,3.79,1521,7,1.81,0
1311,4,2,3,2.49,1519,5,2.14,1
816,3,2,1,2.82,1716,5,1.51,0
971,2,2,5,2.0,1314,11,1.53,0
1019,2,2,10,2.16,1708,7,2.35,0
957,1,2,11,5.91,1709,9,2.18,0
1276,1,1,4,2.97,1541,4,1.77,0
845,2,1,7,4.65,1478,9,2.19,0
1172,4,1,6,5.36,1019,11,2.29,1
1317,4,1,10,4.2,1559,10,1.81,1
898,3,2,7,2.61,1129,9,1.54,1
1691,4,2,5,4.91,1292,4,2.43,0
1544,1,1,4,4.4,1131,3,1.85,0
836,1,2,7,4.93,1355,2,1.61,0
1079,4,2,7,5.08,1053,9,1.99,1
1148,1,1,6,5.9,1792,2,2.27,1
1296,2,1,8,4.29,1386,6,1.72,1
1101,2,2,4,3.37,1264,5,1.77,0
980,4,2,10,4.59,1214,5,1.74,0
1406,2,1,5,2.27,1459,4,2.49,0
898,2,1,4,5.59,1457,6,1.7,1
1499,3,1,1,2.48,1042,5,2.08,0
1792,3,2,8,3.31,1585,11,2.43,0
915,2,1,1,5.26,1277,4,1.65,0
990,4,1,5,4.39,1753,9,2.47,0
1052,3,2,6,3.57,1129,6,2.45,1
1780,1,2,6,3.89,1349,11,2.38,1
1727,1,2,5,5.42,1705,10,1.71,0
1782,1,2,3,3.36,1543,10,2.13,0
960,4,2,5,5.48,1105,10,2.26,1
1055,2,1,8,2.35,1715,3,2.49,1
1122,1,1,2,5.11,1000,10,1.68,0
927,4,2,6,5.39,1756,6,2.27,1
817,3,2,9,2.73,1583,1,1.84,1
1592,2,2,8,3.72,1431,5,1.68,0
1534,3,2,11,2.66,1305,10,1.92,1
1365,4,2,8,4.83,1526,6,2.29,1
1369,1,1,8,4.14,1052,11,1.96,1
1122,1,1,7,4.54,1519,8,2.04,1
1671,4,1,8,2.79,1329,11,2.5,0
1485,1,1,6,2.85,1557,9,1.9,1
1591,2,2,2,2.17,1324,11,2.12,1
1425,4,1,2,3.29,1113,3,1.87,0
1087,3,2,8,4.24,1146,2,1.89,1
1742,4,2,11,5.43,1165,4,2.2,0
1653,2,2,1,4.67,1378,8,2.44,0
1462,2,1,6,3.74,1138,11,2.04,1
1761,4,2,6,5.81,1628,8,2.27,1
1438,4,1,11,4.88,1298,3,1.59,1
954,1,1,4,5.72,1275,4,1.71,1
1289,2,2,11,4.11,1788,3,2.0,1
1185,4,2,11,3.04,1177,10,1.52,0
1785,4,2,10,2.21,1353,2,1.75,1
1584,2,1,3,4.9,1153,4,2.02,0
903,4,2,11,2.49,1200,6,1.51,1
1728,1,1,3,3.21,1114,11,1.76,0
1192,2,2,1,4.13,1670,11,2.01,1
1610,1,2,3,4.26,1553,5,2.07,1
1045,1,1,4,4.4,1758,3,2.43,1
975,1,1,11,2.67,1067,2,2.15,1
838,1,1,11,3.52,1444,9,1.91,1
1276,2,1,5,4.47,1444,1,2.43,0
1481,1,1,3,5.88,1325,9,2.28,1
1558,1,1,6,4.91,1707,1,1.7,1
1337,4,2,11,5.69,1601,7,1.63,1
1666,2,2,5,5.05,1622,6,2.18,0
1617,2,1,3,4.37,1358,7,2.06,1
1720,3,2,6,2.77,1144,3,2.29,0
1207,2,1,6,4.67,1274,3,2.24,1
1324,2,2,8,4.49,1508,11,2.13,0
1627,3,2,2,4.41,1178,1,2.49,1
1305,2,1,1,3.96,1752,4,2.03,1
1702,2,1,4,4.11,1476,2,1.61,0
1624,2,1,7,3.34,1413,10,2.33,1
835,2,2,11,4.08,1152,8,1.75,0
1484,3,1,10,2.79,1103,3,2.28,1
819,2,2,3,5.22,1074,7,2.46,1
1120,2,1,3,2.74,1127,7,2.2,0
1575,3,2,5,2.34,1710,9,2.1,1
1311,4,2,5,3.74,1665,6,1.96,0
1199,1,1,10,4.63,1567,1,1.86,0
1453,4,2,3,3.75,1789,8,1.85,1
1771,3,2,9,3.11,1344,1,2.14,1
1682,1,1,4,4.23,1530,3,2.25,1
1270,3,2,3,3.39,1158,11,2.18,0
942,3,1,11,5.73,1537,5,1.7,0
891,2,1,2,5.69,1425,8,1.99,1
1153,1,1,10,4.01,1680,9,2.29,0
1633,2,1,11,3.31,1022,7,1.98,0
1599,1,2,9,4.95,1046,9,2.04,0
1526,3,2,4,2.15,1524,11,2.27,0
1758,3,2,3,3.9,1728,3,2.16,1
1653,4,1,7,3.35,1705,5,1.91,1
850,1,2,8,5.68,1143,10,2.4,1
1464,2,2,11,2.05,1584,8,1.66,0
1497,4,1,2,4.21,1667,1,2.5,0
1374,4,1,7,4.96,1588,8,1.62,0
989,4,2,5,3.94,1418,7,1.51,0
924,2,1,11,2.34,1680,1,2.39,1
949,4,1,5,5.89,1798,10,1.74,0
1113,2,1,3,4.07,1084,10,2.23,0
1369,4,1,5,4.46,1415,6,2.31,1
1141,2,2,2,2.95,1693,1,2.36,1
1104,3,1,4,3.93,1481,2,2.49,1
1491,3,1,6,3.72,1455,5,1.79,0
1481,3,1,1,2.3,1296,2,2.21,0
1637,3,1,10,2.42,1111,10,1.62,0
1582,3,1,4,5.35,1229,1,1.91,0
853,4,1,6,2.96,1095,6,2.35,0
1243,4,1,9,2.78,1679,8,1.87,0
1412,4,1,11,4.02,1377,8,2.09,1
1792,2,2,11,5.07,1155,8,2.0,0
1063,2,1,2,2.25,1420,11,2.15,1
852,2,2,11,4.31,1104,6,2.47,1
1371,2,1,7,2.48,1704,11,1.56,1
1419,3,1,6,2.15,1329,3,2.07,0
804,3,1,2,2.21,1438,1,2.36,0
902,3,1,8,5.34,1131,2,1.98,1
995,1,2,7,2.47,1381,5,1.58,0
1573,4,1,11,2.18,1137,10,2.06,0
1676,2,1,5,3.75,1269,5,1.83,1
1791,2,2,5,5.38,1549,10,1.65,0
1683,3,2,7,3.05,1395,1,2.35,0
1149,2,1,9,3.69,1556,1,2.02,0
846,2,2,11,2.16,1463,9,2.43,0
1666,4,2,9,3.8,1674,2,2.31,1
1622,3,2,9,4.31,1449,7,2.19,1
1735,4,1,6,4.28,1330,10,1.51,0
1619,1,1,10,3.33,1252,4,1.93,0
1455,1,1,6,3.26,1680,7,1.7,0
1068,1,2,3,2.43,1284,8,2.41,1
1169,3,1,1,3.47,1273,5,1.67,0
1435,2,2,7,2.4,1019,1,1.79,0
905,3,1,4,5.07,1238,4,2.02,1
1469,3,1,1,5.87,1269,10,1.76,0
1458,2,2,8,5.88,1417,3,1.71,1
1456,4,1,6,5.46,1309,10,2.1,0
919,1,2,6,4.4,1030,5,1.59,1
1630,4,2,2,4.8,1103,10,1.56,0
1586,1,1,1,3.14,1681,10,1.87,0
1403,3,2,2,4.52,1185,6,2.22,1
857,1,1,4,3.82,1127,2,2.05,1
1750,3,1,2,3.93,1209,7,1.92,1
1145,4,2,1,5.03,1413,3,2.07,1
1540,3,1,7,3.13,1280,1,1.87,1
1273,4,2,11,3.27,1252,10,2.44,0
916,2,1,11,5.7,1018,3,1.55,1
1629,2,1,8,2.22,1711,9,2.17,1
1590,2,1,6,3.94,1731,10,2.39,1
926,3,1,4,5.65,1135,11,2.3,1
1192,2,1,6,4.44,1222,11,1.68,0
1707,1,2,3,4.19,1002,6,1.8,0
1440,4,2,8,3.0,1235,11,2.22,0
857,4,2,10,3.37,1464,6,1.58,0
1433,1,2,2,5.41,1227,4,2.31,0
1312,3,2,5,4.24,1653,8,2.22,1
1550,3,2,1,4.06,1498,5,2.23,0
1601,4,1,6,2.4,1520,7,1.6,0
895,2,1,2,2.06,1701,9,2.22,1
1437,3,2,4,5.85,1676,5,2.18,1
917,3,2,6,3.51,1138,11,2.33,0
1359,1,1,10,4.41,1275,5,1.54,0
1400,1,1,11,2.32,1290,4,1.52,1
1287,2,1,8,4.73,1052,6,1.87,0
1036,3,2,8,5.73,1686,2,1.65,1
1684,3,2,11,4.3,1109,3,2.06,1
1696,1,2,6,2.5,1714,1,2.42,0
1071,3,1,4,4.33,1647,2,1.89,0
988,4,1,8,5.07,1003,2,2.34,0
1798,1,2,8,3.63,1666,8,1.5,1
1503,2,2,10,5.52,1683,8,1.67,1
1246,1,1,1,4.59,1046,2,1.53,0
1380,3,1,4,5.6,1093,6,1.83,0
1589,2,1,4,4.49,1559,5,2.41,0
1660,1,1,7,2.53,1751,3,1.6,1
1046,4,2,11,3.24,1212,5,2.11,1
1762,4,1,7,2.81,1435,5,1.95,1
875,1,1,11,5.64,1507,5,2.44,0
953,4,1,8,5.04,1650,3,1.62,1
1455,4,2,11,4.71,1204,3,1.71,1
1234,4,2,5,3.2,1380,4,1.53,0
1796,2,1,7,2.74,1072,7,1.93,1
885,4,1,8,5.03,1515,2,1.78,0
1496,4,1,9,3.9,1075,10,2.37,1
1084,4,2,3,2.9,1076,4,2.1,0
1773,2,2,3,4.47,1767,4,2.11,0
1019,1,2,4,2.16,1409,1,2.03,1
868,3,1,5,3.3,1613,10,1.59,0
846,4,2,10,3.87,1105,8,1.95,1
893,1,1,1,2.59,1550,1,2.5,0
1549,4,1,7,5.94,1475,8,2.34,0
1757,2,1,9,2.84,1274,7,2.39,0
1252,1,2,8,2.52,1087,9,2.32,1
1003,2,1,5,2.81,1722,8,1.6,0
1711,4,2,4,5.08,1076,5,1.73,0
1017,4,2,7,3.7,1076,8,1.5,1
1273,2,1,5,4.26,1441,11,1.8,0
1231,3,1,7,2.08,1539,10,1.61,0
1140,2,2,1,2.14,1244,3,1.97,0
1350,4,1,1,3.78,1577,10,2.18,0
1411,2,2,10,5.27,1777,7,2.37,1
1088,3,1,3,5.54,1381,4,2.25,0
1053,2,2,11,2.35,1716,5,2.44,0
1533,3,2,2,4.15,1569,9,1.55,1
1156,3,2,2,5.65,1712,7,1.51,0
822,2,2,7,3.55,1736,4,2.16,0
1561,2,1,10,5.32,1141,6,1.79,1
1321,1,1,2,2.53,1367,10,1.75,1
1557,4,2,11,5.74,1083,11,1.83,1
1636,3,2,4,5.01,1142,7,1.77,1
899,1,1,2,5.77,1351,10,2.01,0
1601,2,1,6,4.71,1544,9,1.94,1
979,4,1,8,3.45,1151,4,2.01,0
1022,1,1,10,5.75,1157,10,2.17,1
1705,3,1,4,3.1,1445,3,1.89,0
1561,1,1,5,3.33,1652,8,1.75,1
1458,3,2,4,4.8,1762,1,1.67,1
1241,2,1,3,5.06,1302,9,1.85,0
1407,4,1,5,5.72,1623,1,2.24,1
1568,4,2,9,2.82,1655,2,2.26,1
1124,4,1,8,5.19,1449,8,2.17,1
1315,2,1,8,4.95,1720,9,1.73,0
815,3,1,8,2.26,1223,7,2.09,1
1591,2,1,8,3.55,1042,3,2.07,1
1135,4,1,7,3.13,1263,7,1.98,0
1558,2,2,8,3.22,1755,6,2.05,0
1057,2,1,11,5.93,1002,2,1.99,1
1296,2,2,8,4.57,1636,3,2.07,0
1787,3,2,8,4.87,1267,11,2.22,0
1695,1,1,10,5.91,1595,10,1.61,0
959,1,2,7,3.51,1015,10,2.25,1
1274,2,1,1,5.21,1333,5,1.64,1
1651,1,2,4,3.74,1463,10,1.57,0
1463,1,2,4,5.48,1058,4,2.48,1
1707,2,1,5,2.72,1176,2,2.46,0
1489,2,1,10,5.79,1062,4,1.56,1
1474,4,1,6,2.88,1560,8,1.94,0
1179,1,1,4,3.3,1306,5,1.69,1
1344,3,1,2,5.02,1245,5,1.99,0
1728,2,2,6,3.58,1288,10,2.33,1
1756,4,2,8,4.43,1797,3,2.45,1
1490,3,2,8,3.78,1331,8,2.13,0
1226,1,2,7,4.97,1526,6,1.85,1
1412,4,2,6,2.91,1254,2,2.1,1
1067,2,2,2,2.23,1603,2,1.81,1
1634,3,2,7,3.2,1509,9,2.41,1
1376,2,1,11,3.9,1790,7,2.37,1
1216,1,1,5,2.67,1717,10,2.06,1
967,3,2,6,3.42,1605,9,1.82,1
1641,1,2,10,3.6,1736,6,1.79,1
842,1,1,8,2.23,1462,5,1.53,0
1355,4,1,8,4.33,1198,1,2.32,1
1084,2,1,3,5.54,1270,6,1.95,0
1196,3,1,7,2.61,1745,6,1.83,1
811,1,2,1,4.39,1557,3,1.97,0
1406,1,1,1,4.66,1063,3,2.32,1
1101,3,2,7,3.68,1229,3,1.62,0
1697,1,2,10,4.8,1248,3,2.36,0
1052,4,2,9,3.64,1245,7,2.4,1
1298,4,1,7,4.02,1586,10,2.45,0
1553,4,1,10,2.03,1156,11,1.9,1
834,4,2,5,4.77,1734,2,1.72,1
1526,1,2,8,4.65,1701,10,1.87,0
1648,3,2,2,2.15,1563,10,1.83,1
889,3,1,9,3.47,1087,2,1.68,0
1575,3,2,6,5.92,1312,3,2.11,0
1404,3,1,9,3.68,1065,10,1.98,1
1721,2,2,2,4.01,1661,7,2.37,1
1769,3,2,3,5.64,1019,3,1.53,1
1401,2,2,8,4.87,1032,7,2.14,1
1217,2,1,1,4.33,1792,9,2.26,1
914,4,1,10,5.19,1557,11,2.26,0
1416,2,2,7,5.46,1072,10,2.39,0
1702,1,1,7,3.83,1342,11,2.23,1
995,2,2,1,3.9,1132,4,2.43,1
1625,4,1,9,3.54,1054,7,1.83,1
1300,2,1,8,5.87,1060,9,2.0,0
1425,1,1,4,4.79,1519,8,1.51,0
1292,1,2,10,2.33,1271,8,1.51,0
874,1,1,11,5.45,1245,9,1.74,1
1212,4,1,5,3.92,1175,5,1.6,1
1175,4,2,2,2.28,1627,5,1.76,0
1219,3,2,9,4.2,1316,3,1.68,1
1528,4,2,6,3.67,1782,5,1.53,1
1076,1,2,3,5.51,1704,8,2.41,0
1560,1,1,7,2.82,1661,5,1.51,0
1475,4,1,9,5.31,1130,4,2.24,1
1193,2,1,3,4.23,1101,8,1.65,0
1668,4,1,2,2.22,1309,7,2.41,1
1256,4,1,7,5.89,1781,6,2.39,0
1719,1,2,7,4.05,1291,5,2.15,0
991,3,1,4,3.16,1721,5,2.17,1
1538,1,1,11,3.88,1494,10,1.51,1
1488,3,1,9,5.43,1360,2,2.48,0
898,1,2,8,3.22,1337,4,2.38,1
1347,4,2,1,2.77,1578,8,2.4,0
1777,1,1,1,2.52,1009,8,2.16,1
1798,1,2,5,3.19,1048,11,1.84,0
895,1,2,6,5.12,1486,1,2.39,0
1463,4,2,3,3.89,1622,2,1.79,0
1462,4,2,9,2.91,1320,5,2.06,1
989,4,2,10,2.66,1730,9,1.6,0
1535,4,2,6,3.33,1568,10,2.42,0
836,3,2,4,5.76,1794,11,1.64,0
1579,3,1,7,3.37,1624,11,1.72,0
1168,2,1,8,5.95,1132,7,2.06,1
1494,4,2,9,3.94,1582,10,2.26,1
1324,3,1,11,2.72,1082,5,2.12,0
1078,1,1,6,5.56,1056,1,1.73,0
1016,4,2,6,3.84,1375,6,1.5,1
1666,2,1,8,4.84,1348,8,2.26,0
1672,2,2,5,5.93,1270,7,2.49,1
1597,2,2,3,2.2,1482,2,2.31,0
1072,1,2,3,2.39,1110,5,1.96,1
1680,3,1,6,4.88,1075,11,2.4,0
861,1,1,2,3.13,1157,4,1.91,1
1395,4,1,6,2.74,1531,9,2.02,1
1679,2,1,6,2.16,1642,10,1.98,1
1528,1,2,8,2.09,1328,1,1.95,0
1141,1,2,7,5.1,1121,6,2.28,1
1196,3,1,8,2.54,1040,3,2.03,1
1498,3,2,9,3.87,1166,11,1.82,0
818,2,2,6,4.42,1641,9,1.76,0
976,1,1,3,3.71,1022,5,1.54,0
1411,1,2,10,2.11,1278,6,2.08,0
1195,3,1,3,5.13,1762,11,1.73,1
1244,1,2,11,2.04,1468,9,1.65,0
1032,1,1,1,5.05,1399,9,2.15,0
1714,1,2,11,5.57,1008,8,2.18,0
875,3,2,5,3.73,1012,9,2.25,0
1064,2,1,4,4.14,1051,4,2.0,0
1254,4,1,9,3.91,1208,6,2.39,0
1595,2,1,9,3.56,1549,5,2.44,0
1517,4,1,5,5.55,1611,5,2.31,1
1534,1,2,10,5.58,1704,4,2.14,1
1183,2,2,4,3.34,1401,2,1.8,1
1363,4,1,7,4.46,1190,6,2.48,1
1650,3,2,6,5.71,1050,9,1.77,1
1305,3,1,4,5.85,1392,1,1.7,0
1166,2,1,10,4.04,1652,7,1.94,0
943,2,2,2,3.81,1679,6,1.56,0
1684,1,2,1,3.11,1620,3,2.48,0
868,2,1,4,5.84,1718,1,2.09,1
898,1,1,4,2.57,1299,4,2.06,1
1195,1,1,1,4.32,1621,9,2.16,0
824,3,2,6,3.13,1195,2,2.0,0
1747,3,2,4,3.12,1416,3,1.53,1
1690,4,2,1,3.62,1663,2,2.11,1
1268,3,2,1,6.0,1419,2,2.22,1
1283,3,1,1,2.22,1754,10,1.92,0
1364,2,1,8,4.31,1639,11,2.26,0
950,3,1,10,2.33,1616,11,1.73,1
943,4,1,8,2.62,1521,8,1.72,1
1368,2,1,2,3.76,1355,3,1.66,0
838,4,1,11,4.04,1147,7,1.87,0
908,3,2,7,3.04,1364,8,2.35,0
1492,4,2,8,3.27,1363,3,2.33,0
841,2,1,8,2.35,1651,2,1.88,1
985,1,1,11,3.21,1701,8,2.09,1
1734,4,2,10,5.87,1401,3,2.22,1
1197,4,2,11,5.78,1605,7,1.74,0
1022,2,2,7,3.34,1491,1,1.67,0
1433,2,2,5,4.28,1228,6,2.47,0
932,4,1,1,5.64,1574,9,2.12,1
962,3,1,9,2.02,1536,3,2.48,1
1014,4,1,7,5.24,1267,7,1.84,1
1532,2,1,2,5.79,1404,6,2.2,0
1034,1,1,6,2.37,1792,8,1.72,0
1642,1,2,2,2.65,1010,3,1.76,1
1457,3,1,1,5.84,1319,3,2.01,0
1550,4,2,7,4.15,1712,4,1.82,1
1387,1,1,2,2.06,1125,3,1.67,1
808,4,1,2,3.03,1305,9,1.76,1
873,2,1,11,3.8,1701,11,1.54,1
1753,1,1,5,4.77,1510,4,2.2,0
1291,3,1,5,4.93,1088,6,1.99,0
1712,2,2,7,5.98,1354,8,1.59,0
1052,3,2,1,3.15,1627,11,1.67,0
1029,2,2,8,4.15,1351,8,1.6,0
1318,1,1,3,4.13,1688,5,2.11,0
973,3,1,4,3.62,1013,5,1.59,1
1452,3,2,9,2.68,1256,6,2.25,0
967,2,1,4,5.91,1208,10,1.52,0
969,3,1,10,5.41,1280,7,1.75,0
1192,2,2,5,3.99,1442,10,2.39,1
1745,2,1,7,4.41,1388,7,2.22,0
1594,2,2,4,2.91,1616,4,1.57,1
1433,2,1,1,4.18,1482,6,2.32,0
993,1,2,9,4.78,1146,7,1.99,0
1316,2,1,4,4.06,1278,5,2.35,0
828,4,1,9,5.96,1520,5,2.1,1
964,3,2,6,4.45,1629,2,2.18,1
1221,4,1,1,3.48,1605,7,2.49,0
1138,1,1,3,5.09,1433,6,1.73,0
1447,4,2,11,2.68,1143,11,2.12,0
1295,3,1,2,3.54,1288,1,1.96,1
1164,4,2,9,3.39,1385,4,1.54,1
1632,1,1,1,3.73,1013,3,1.51,0
1141,2,1,9,5.13,1256,3,1.62,1
1299,4,1,9,3.94,1345,7,2.15,1
1456,1,1,8,5.18,1697,11,2.07,1
1310,1,2,8,4.31,1344,10,2.05,1
1126,3,1,11,3.37,1399,4,1.53,0
1016,3,2,1,5.24,1206,8,1.97,0
1100,4,1,11,2.95,1171,11,2.42,1
931,2,1,8,2.9,1463,9,1.9,1
1603,1,1,10,4.02,1269,3,2.12,1
869,4,1,3,3.04,1220,5,2.28,0
1051,1,2,11,2.04,1151,4,2.28,0
1214,1,2,7,4.59,1622,10,2.02,1
1586,2,2,11,4.04,1182,6,2.36,1
1244,2,2,1,3.78,1398,11,1.89,1
1675,4,1,1,5.87,1071,10,2.39,1
981,2,2,10,4.28,1417,4,1.74,0
966,2,2,5,5.45,1282,8,1.78,0
890,4,1,5,2.56,1073,3,1.55,0
1513,2,1,8,4.28,1354,11,2.3,0
1657,3,1,7,5.47,1726,5,1.92,0
1330,1,1,8,4.33,1496,1,1.73,0
838,1,2,6,4.87,1327,6,1.73,1
925,1,2,6,3.49,1534,11,2.4,1
1250,1,1,2,2.37,1579,5,2.33,0
972,4,1,6,3.83,1446,8,2.05,0
1452,1,1,5,3.58,1372,9,2.12,0
1553,1,2,3,5.47,1361,8,1.97,1
1019,1,2,6,2.98,1092,8,1.89,1
1437,1,1,8,5.87,1320,3,2.42,1
857,3,1,9,5.83,1323,4,1.63,1
1459,1,2,1,2.99,1383,11,1.92,0
1275,3,1,3,3.39,1574,4,1.84,1
1255,4,1,3,5.58,1735,11,2.0,0
1628,2,2,11,5.87,1736,5,1.96,1
1694,1,1,8,3.77,1345,9,2.02,1
1160,2,2,1,3.28,1102,9,1.64,1
1734,2,1,5,4.1,1214,10,2.01,1
800,4,1,3,4.75,1191,1,1.74,0
1186,2,2,2,3.09,1671,8,1.68,0
1772,3,2,8,4.95,1718,1,1.56,0
1147,2,1,3,2.21,1780,2,2.26,0
989,2,2,7,2.2,1193,7,1.93,0
1304,2,1,11,3.55,1379,8,2.13,0
990,1,1,1,3.41,1402,1,2.23,0
1307,1,2,6,3.26,1663,3,2.18,1
1168,3,1,3,3.96,1748,7,1.97,0
1208,3,1,8,3.28,1599,9,1.89,1
1623,1,2,6,2.77,1010,8,1.88,0
1728,3,2,2,3.24,1186,8,2.14,1
1733,1,1,6,5.9,1725,9,1.99,0
916,4,2,7,3.64,1014,10,2.35,1
933,2,2,5,3.78,1777,3,2.37,0
857,2,2,3,4.31,1296,8,1.67,0
1355,3,2,4,5.93,1410,1,1.64,0
1484,1,1,4,2.97,1584,8,2.13,0
1471,1,1,6,4.73,1051,7,1.8,1
972,3,1,10,4.86,1639,8,1.52,0
1628,1,2,1,4.43,1027,1,2.39,0
1614,4,2,11,2.35,1576,6,1.73,1
948,2,2,4,4.71,1016,7,2.43,0
879,3,2,10,2.26,1350,11,2.22,1
1685,3,2,4,4.38,1427,5,2.26,1
1012,1,2,10,4.96,1649,5,1.7,0
1002,3,2,1,2.84,1228,7,1.73,0
1563,4,1,9,5.37,1765,11,2.02,1
1028,1,1,4,2.12,1209,3,1.67,0
1475,1,2,7,5.38,1430,6,1.81,1
1026,1,2,3,3.84,1293,7,1.82,0
1458,1,2,10,2.87,1742,1,1.66,0
1331,4,1,3,2.54,1752,2,1.71,1
1240,1,1,8,5.81,1581,4,2.29,0
1201,3,2,8,2.29,1103,8,1.67,0
846,4,2,11,2.8,1203,11,1.53,0
1032,2,1,1,3.39,1052,10,2.13,1
1104,2,1,10,4.48,1374,6,2.48,0
1325,3,1,2,4.18,1053,1,1.83,1
942,3,1,8,2.5,1275,10,1.62,0
1214,4,2,1,3.16,1334,5,2.07,1
1312,2,1,8,2.96,1030,7,2.41,0
1172,2,1,8,2.85,1134,6,2.28,0
1365,2,2,2,3.64,1057,9,2.12,1
1685,2,1,4,4.82,1104,8,1.82,0
1058,2,1,6,2.87,1265,4,2.04,1
1455,1,1,11,3.47,1521,11,1.59,0
1270,3,2,9,3.56,1495,5,2.18,1
1752,1,1,8,5.91,1252,7,2.23,0
1770,2,2,8,5.82,1294,8,2.47,1
811,4,2,7,5.2,1667,5,1.76,0
1129,4,1,9,2.97,1157,9,1.52,1
1535,2,1,2,2.27,1548,10,2.05,1
1583,2,1,3,3.27,1630,4,2.21,0
1767,4,1,10,3.07,1066,4,2.29,1
1157,1,2,8,4.02,1753,8,1.69,1
1771,1,1,6,5.11,1298,1,1.76,0
1207,2,1,10,5.43,1462,8,2.01,0
1467,1,1,9,5.38,1724,5,1.83,0
1172,4,2,10,3.44,1100,11,2.36,0
807,1,1,4,4.75,1055,1,1.97,0
921,2,1,8,3.25,1331,4,2.3,0
1147,4,2,10,2.24,1750,2,2.08,1
1475,1,2,3,4.81,1392,4,2.27,1
889,3,1,3,2.04,1742,8,1.83,1
1447,4,1,8,3.64,1380,5,2.33,0
1497,4,1,5,3.32,1091,1,1.77,0
1115,3,1,3,4.77,1790,7,2.05,1
977,3,1,10,5.06,1446,1,1.71,1
1339,4,2,11,3.22,1108,9,1.98,0
1531,3,2,1,5.25,1316,3,1.82,1
1668,2,1,3,3.18,1167,3,1.77,0
840,2,1,9,3.79,1434,6,2.47,0
1539,2,2,5,4.91,1441,10,1.66,1
1503,4,1,10,4.77,1217,6,2.29,0
1722,3,1,2,5.95,1221,11,2.48,0
1301,3,1,7,2.9,1672,11,1.52,0
1758,1,1,2,4.65,1527,6,2.2,0
944,1,1,4,4.44,1277,1,1.75,1
1000,3,2,7,5.66,1568,5,1.54,0
1728,3,1,4,2.63,1573,6,1.9,0
1523,3,1,7,5.01,1465,8,2.44,1
1260,4,1,7,4.27,1753,1,1.51,0
1531,3,2,1,3.1,1601,5,2.09,0
1551,1,2,6,3.9,1583,3,2.0,1
1724,4,2,9,3.34,1029,2,2.37,1
1708,3,2,2,4.32,1358,11,1.58,0
1357,1,1,3,5.56,1287,8,2.18,0
1346,4,2,10,4.28,1085,7,2.18,1
1052,3,1,5,4.53,1233,10,2.17,0
1189,3,1,9,4.07,1746,7,2.44,0
1393,3,2,4,2.2,1312,5,2.32,0
1682,4,2,1,2.93,1364,9,1.54,1
1055,1,2,4,3.97,1776,5,1.97,0
1508,1,2,6,3.24,1798,2,1.9,1
1614,2,2,5,2.73,1268,3,1.81,1
1720,3,1,1,4.02,1697,4,1.95,1
1249,2,2,4,3.29,1130,5,1.88,1
809,2,2,6,3.03,1788,3,1.93,0
1623,1,2,10,3.86,1350,7,2.48,1
1597,4,1,10,2.53,1179,5,1.59,0
1041,4,2,4,5.71,1479,5,2.42,1
1050,1,1,9,5.47,1162,6,1.98,1
1676,4,2,5,4.83,1782,7,2.12,0
804,2,2,8,2.42,1095,10,2.33,1
918,3,1,9,5.1,1773,10,1.86,1
1600,1,2,10,5.23,1509,8,1.93,0
1173,3,1,5,5.07,1364,9,1.91,1
864,4,1,6,2.46,1352,11,1.87,1
945,3,1,1,4.58,1799,4,2.43,1
1023,4,2,11,5.34,1435,5,2.33,0
1038,4,2,7,4.31,1082,5,1.61,1
976,2,2,4,4.59,1224,8,1.61,0
1578,4,1,11,3.83,1411,9,1.93,0
1652,2,2,2,4.11,1734,7,1.6,0
1081,2,1,5,2.14,1117,5,2.12,1
862,2,2,3,4.56,1481,3,1.64,1
1016,1,1,6,2.33,1191,1,2.02,1
1653,1,1,8,3.74,1590,11,1.51,1
1626,4,1,7,3.17,1589,9,1.82,0
1594,2,2,3,4.18,1658,5,2.18,0
1488,1,1,8,2.53,1106,9,1.98,1
1260,2,1,2,4.77,1381,10,2.48,1
1728,3,1,10,5.18,1782,4,2.37,0
1409,3,1,9,2.65,1389,5,1.86,1
904,3,1,4,2.42,1243,4,1.55,1
898,4,1,1,2.58,1584,2,2.35,1
1310,2,2,8,5.51,1467,1,2.41,1
1184,3,2,7,4.11,1537,8,2.32,1
1204,1,1,11,3.87,1209,4,1.63,1
1622,3,2,5,2.43,1603,5,2.5,0
1317,3,2,10,4.6,1636,6,1.76,0
1275,3,1,5,5.47,1072,8,2.22,0
1776,4,1,7,5.31,1634,11,2.41,0
1508,1,1,5,4.5,1308,8,1.74,1
1662,2,2,8,2.3,1695,7,2.41,1
1444,1,1,11,2.45,1698,4,1.81,0
1669,2,2,6,2.2,1709,6,2.48,0
1570,4,1,5,3.03,1589,4,1.78,0
1236,4,2,9,2.54,1185,7,2.45,0
822,4,1,11,3.04,1252,11,1.55,0
1796,4,1,2,3.54,1012,1,2.21,1
1364,2,2,1,5.77,1298,5,2.03,1
1476,3,2,8,4.44,1075,10,1.98,0
1513,2,2,3,5.34,1050,10,1.72,0
1257,1,2,11,4.84,1786,4,2.21,1
882,4,2,7,2.45,1148,11,1.69,1
944,4,2,10,4.94,1730,7,2.05,1
884,1,1,11,3.1,1121,9,1.75,0
877,2,2,8,4.56,1210,5,2.46,1
1256,3,1,6,3.36,1279,4,1.53,0
1677,3,1,10,5.99,1537,9,1.7,0
800,1,2,9,3.05,1684,5,1.74,1
850,3,1,7,3.12,1155,9,1.91,1
1484,2,2,10,5.72,1237,8,1.73,1
1516,2,2,5,2.1,1375,4,1.99,0
1571,1,1,8,4.79,1081,11,2.37,1
1245,2,1,2,4.9,1491,11,2.21,1
1248,4,2,7,5.35,1355,7,2.08,0
1680,1,2,4,5.9,1272,5,1.59,1
1287,2,1,9,5.9,1579,10,2.19,1
1599,1,1,1,2.26,1043,4,1.67,0
833,3,1,7,5.29,1572,5,2.29,0
1147,2,1,6,4.59,1122,5,1.75,0
894,4,2,8,4.59,1348,11,1.92,0
871,2,2,5,2.51,1707,9,1.85,0
1350,1,2,1,4.6,1329,9,2.36,1
953,1,2,1,5.93,1408,6,1.63,1
1049,2,1,9,5.65,1322,4,2.07,0
1473,4,1,10,3.76,1110,2,1.64,1
1237,4,2,6,2.16,1769,3,2.2,1
917,4,2,10,3.45,1088,2,2.41,0
1570,1,2,5,5.31,1432,5,1.93,0
1690,2,2,1,4.81,1709,6,1.99,0
1105,3,2,6,3.84,1793,11,2.43,1
1067,1,2,6,2.22,1711,5,2.02,0
1760,4,2,3,3.71,1098,2,1.99,1
853,2,2,8,3.88,1538,5,2.08,1
1035,4,2,1,5.71,1600,9,2.19,1
1188,3,1,1,4.56,1145,4,1.61,1
1789,4,2,6,3.25,1693,10,2.32,0
1533,4,1,10,4.1,1256,2,1.94,1
1562,3,1,1,2.26,1188,3,1.57,0
1624,2,2,6,5.89,1239,3,2.29,1
1200,1,2,1,3.44,1502,9,1.88,0
1423,2,1,6,3.91,1707,4,1.6,0
1566,3,1,3,3.42,1676,1,2.13,0
1102,4,2,8,4.73,1270,1,2.38,1
1718,2,1,6,4.65,1519,7,2.39,1
1006,1,2,11,4.86,1549,7,2.46,1
1028,3,2,1,3.07,1113,2,2.37,0
1652,2,2,5,3.26,1338,9,1.5,1
1709,1,1,8,2.5,1567,9,1.88,1
1377,3,1,3,4.62,1358,5,2.32,1
874,1,2,6,2.16,1649,3,1.87,0
1234,3,1,5,4.39,1613,3,2.1,1
902,4,1,6,5.48,1333,3,2.11,1
1221,2,1,10,5.56,1688,6,1.87,0
1503,1,1,1,3.8,1168,4,2.4,0
1563,3,1,7,3.84,1338,8,2.0,0
1537,1,1,9,2.31,1797,11,1.96,0
1605,1,1,2,4.68,1260,11,2.5,0
1105,2,2,10,5.29,1734,11,1.99,0
897,4,1,5,2.98,1198,5,1.68,1
1649,1,1,10,3.69,1210,1,2.01,1
1597,3,1,4,5.36,1286,9,2.31,0
1134,3,1,6,5.51,1691,1,2.28,1
1658,4,1,6,2.97,1761,6,2.29,0
1234,3,1,11,4.2,1742,1,2.21,1
1246,4,1,2,2.77,1471,3,1.75,0
1793,3,1,2,2.41,1481,10,2.36,0
1107,2,2,4,5.64,1022,5,2.39,1
1048,1,1,1,5.28,1559,10,1.69,1
965,2,1,9,5.04,1108,7,1.63,1
1280,1,1,7,2.2,1295,10,2.48,1
1783,1,1,7,5.37,1005,8,2.37,1
1134,1,2,3,3.75,1549,9,2.39,1
1341,2,2,11,3.37,1680,6,2.39,1
1558,1,2,3,4.19,1794,11,2.04,1
905,2,2,1,2.37,1202,9,2.15,0
1362,4,2,3,5.03,1324,8,2.05,1
880,3,2,3,4.33,1784,9,1.55,1
932,3,2,4,2.75,1243,10,2.25,0
1596,1,2,4,2.75,1326,4,2.01,0
1699,2,2,3,2.74,1046,9,2.15,0
937,3,2,10,2.23,1760,7,2.0,0
983,2,2,8,4.35,1590,5,1.99,1
1200,2,2,8,5.36,1621,5,1.67,1
1129,1,2,1,2.07,1012,1,1.78,0
1584,3,2,7,2.2,1379,2,1.66,0
1307,1,2,11,4.29,1364,10,1.7,1
1651,1,2,2,5.28,1601,3,2.47,1
1783,3,1,1,3.31,1341,8,1.65,1
868,3,2,3,3.4,1791,6,1.77,1
1345,4,1,4,4.39,1220,10,2.09,0
1573,4,2,6,3.1,1072,11,2.11,1
852,2,2,10,2.11,1745,5,1.65,0
1249,3,1,5,4.94,1771,1,2.29,0
1004,4,2,4,4.5,1624,11,2.29,0
925,2,1,8,4.32,1045,9,1.74,1
1546,2,1,11,4.97,1503,3,1.79,0
842,2,1,4,4.7,1273,3,2.44,1
1551,4,2,10,2.82,1554,2,2.33,0
1770,3,2,2,3.41,1207,4,2.2,1
1682,1,2,3,2.5,1614,2,1.58,0
910,2,1,6,2.52,1123,9,1.92,0
1560,4,1,8,4.7,1009,10,2.06,1
1462,4,2,8,5.43,1328,7,1.69,1
982,1,2,11,5.85,1186,8,1.95,0
1647,1,2,9,4.51,1542,3,2.1,0
894,4,2,7,2.74,1667,6,1.83,1
1770,3,2,2,2.42,1059,10,2.28,0
1173,1,1,8,5.25,1760,6,2.34,1
1711,4,1,7,4.32,1781,1,1.82,1
1319,1,1,8,4.47,1441,6,2.34,0
1699,3,2,3,5.13,1216,3,1.6,1
1159,2,1,7,4.81,1001,11,2.34,0
1699,1,1,10,5.34,1535,3,1.65,1
1495,3,1,9,2.22,1717,3,1.58,1
1080,4,1,3,4.99,1710,10,2.14,0
994,1,1,10,5.4,1355,11,1.97,1
1663,1,2,6,3.14,1625,11,2.41,0
994,4,1,2,4.56,1791,10,1.86,1
1466,2,2,2,3.26,1666,11,1.79,1
892,4,2,5,5.83,1164,8,2.0,1
1471,1,2,5,2.13,1733,5,1.96,1
1745,4,2,7,4.32,1090,4,1.84,0
860,3,2,2,2.67,1166,9,2.19,1
1433,4,1,11,4.85,1206,9,2.26,1
850,1,1,7,2.7,1281,1,2.35,1
1202,4,2,5,2.94,1064,2,2.47,0
1588,2,2,6,3.98,1515,8,1.77,0
804,4,2,8,5.66,1156,5,2.22,0
1265,2,1,10,2.85,1760,7,1.89,0
1403,3,2,4,2.58,1768,1,2.18,1
1481,2,1,7,5.04,1746,10,1.98,1
1628,4,2,6,4.0,1305,5,2.49,1
1333,1,1,10,5.65,1394,11,2.23,0
1204,2,2,2,2.59,1073,3,2.45,0
1637,3,1,8,4.58,1186,10,2.33,1
1312,2,2,10,2.93,1573,2,2.4,1
1444,2,1,9,2.63,1336,2,2.31,1
1032,2,1,5,4.73,1675,9,1.96,0
1323,3,1,10,4.37,1567,4,1.75,1
1145,4,1,4,5.02,1622,4,1.87,1
845,2,1,6,3.24,1729,7,1.52,0
1345,2,1,8,3.79,1239,10,2.02,0
1744,1,1,11,3.62,1532,10,2.01,1
877,3,2,3,5.94,1140,2,2.03,0
1529,2,2,10,3.17,1264,3,2.47,1
1612,3,2,11,3.18,1138,3,2.41,1
1722,2,2,11,3.42,1458,6,1.66,1
872,4,2,1,4.26,1069,3,1.87,1
1593,4,1,4,3.01,1384,11,1.92,0
1048,2,1,4,5.66,1629,5,1.86,0
846,4,1,1,3.06,1197,4,2.3,0
920,2,1,9,5.58,1204,3,2.02,1
1013,4,1,3,2.41,1725,8,2.07,1
1038,1,2,5,4.63,1567,10,2.35,1
855,1,2,6,5.63,1798,3,2.31,0
1149,1,2,8,2.67,1686,6,1.63,0
906,3,2,6,5.87,1639,7,2.21,1
1630,3,1,3,3.81,1430,7,1.94,0
847,1,1,6,5.78,1324,2,1.79,0
1372,3,1,1,4.71,1441,3,1.55,0
1136,4,2,4,3.21,1287,10,1.99,0
825,2,1,6,2.75,1225,10,1.86,1
1603,2,2,7,3.21,1063,4,1.75,0
1056,2,1,11,2.37,1559,7,2.19,1
807,1,1,11,2.58,1713,2,2.27,0
1424,3,2,10,2.42,1497,3,1.74,1
1666,4,1,3,3.69,1059,7,1.55,1
1052,4,1,9,5.18,1396,7,2.35,0
1491,1,2,7,2.57,1256,10,1.51,1
1518,4,1,1,2.52,1576,3,2.44,1
1102,4,2,2,4.57,1238,1,2.13,0
1438,4,1,1,2.79,1037,3,1.82,1
855,4,1,11,2.39,1024,5,1.75,0
1525,3,1,9,2.67,1409,7,1.51,1
1325,4,1,9,5.69,1460,4,1.74,0
1273,2,1,7,5.29,1570,11,1.64,0
827,1,1,10,3.42,1416,11,2.11,0
1782,3,1,3,4.62,1356,1,1.67,0
877,4,1,5,4.15,1382,6,2.03,0
1015,3,2,4,4.71,1157,2,2.09,1
1185,4,2,7,4.73,1568,3,1.8,1
1164,2,1,9,4.51,1432,4,1.54,0
1465,1,1,2,3.06,1047,6,1.54,1
1325,4,2,8,2.16,1327,6,1.53,1
1498,4,1,9,3.82,1432,7,2.24,1
1111,4,1,10,5.56,1430,5,1.82,0
1682,4,2,10,4.28,1055,7,2.3,0
806,1,1,9,5.33,1576,2,1.93,1
802,1,1,10,5.97,1267,1,1.95,0
1422,2,2,7,2.65,1068,10,2.01,0
1718,1,1,9,4.77,1727,8,2.21,1
1549,4,1,9,4.7,1600,1,1.77,0
1162,2,2,3,5.92,1448,2,1.62,0
1550,2,1,4,5.94,1792,11,2.06,0
1307,2,2,2,4.75,1256,10,1.83,0
1073,4,1,10,2.97,1671,6,1.94,0
1305,3,1,3,5.19,1489,1,2.15,1
1605,4,2,11,2.43,1745,10,1.99,0
1538,1,2,11,5.12,1642,3,2.12,0
1682,1,1,5,5.64,1048,7,2.04,1
814,4,2,5,3.53,1658,8,2.24,1
991,4,2,6,4.52,1315,4,2.21,0
1784,2,1,7,3.72,1412,3,2.03,1
1430,4,1,7,3.75,1433,1,2.18,0
1284,2,1,1,3.24,1001,9,2.37,1
827,1,2,2,5.05,1144,10,1.93,0
1513,2,2,9,5.74,1365,6,1.91,1
838,4,2,10,5.76,1419,6,2.26,0
1752,1,2,2,2.7,1572,9,2.08,1
1072,3,1,6,5.5,1784,1,1.57,0
1030,2,2,11,4.95,1560,6,2.39,0
885,1,1,11,3.01,1443,5,1.53,0
1273,2,2,1,2.27,1433,11,2.25,1
925,1,1,3,3.07,1642,6,2.26,1
1611,1,1,2,5.65,1554,11,2.45,0
1336,2,1,3,4.53,1056,8,1.55,0
944,3,2,5,4.88,1561,5,2.1,0
1324,1,1,11,3.03,1177,2,1.93,0
1011,1,1,10,4.88,1292,2,1.83,1
824,1,2,6,2.11,1045,10,1.59,1
1379,3,1,9,3.5,1169,5,2.06,1
1193,3,2,11,4.51,1270,3,1.98,0
866,4,2,10,2.58,1416,10,1.6,0
1032,2,1,4,5.29,1138,3,2.11,1
908,3,1,7,2.94,1246,8,2.24,1
945,2,2,6,4.61,1147,7,2.27,1
910,4,1,2,3.62,1229,1,2.41,1
1027,2,2,10,4.38,1791,5,1.91,0
910,3,2,11,2.43,1636,9,2.45,0
1269,2,2,11,2.07,1703,4,2.37,0
833,3,1,11,5.64,1373,1,1.8,1
1422,2,2,8,3.08,1079,8,1.66,0
1575,3,1,7,5.28,1605,5,1.94,1
1735,3,1,7,6.0,1737,2,1.9,1
1168,2,1,8,2.85,1064,1,2.08,1
1547,4,1,11,3.06,1087,3,2.08,1
1394,1,2,1,4.65,1087,9,2.25,1
1353,4,1,1,5.86,1712,1,2.01,0
1224,2,2,8,5.66,1725,4,1.6,0
1412,4,2,4,4.01,1203,8,2.36,0
1317,3,1,5,5.18,1381,8,1.81,1
1491,1,2,8,2.54,1600,10,2.47,0
1081,2,2,5,5.91,1475,11,1.62,1
1119,2,1,10,5.86,1572,11,2.46,0
1537,2,2,4,2.65,1782,8,1.59,1
1242,1,2,6,3.2,1605,10,1.73,1
1751,3,2,5,2.4,1538,8,1.55,0
1114,2,2,7,3.09,1213,4,2.21,1
1676,4,1,10,5.26,1073,8,2.35,0
1765,2,2,7,3.51,1060,9,1.93,0
1540,2,2,4,2.35,1697,7,2.43,0
1176,2,2,5,3.37,1542,2,2.09,1
1088,2,2,3,5.93,1218,9,2.13,1
1236,3,1,4,4.52,1011,11,2.35,1
1461,4,2,4,3.66,1414,8,1.8,1
1076,3,1,3,2.67,1031,5,1.85,0
1509,4,2,10,5.94,1159,3,2.41,1
1381,2,1,5,5.28,1236,7,2.4,0
1302,1,1,5,3.13,1738,2,2.48,0
1423,3,1,11,2.28,1180,3,2.4,1
1315,1,1,7,2.23,1557,9,1.63,1
1149,3,1,4,2.48,1340,4,2.32,0
1642,2,2,4,4.32,1457,4,1.91,1
1245,3,2,9,5.72,1079,3,2.49,0
1629,2,2,6,3.99,1646,5,1.97,1
1149,3,1,4,5.37,1771,3,2.05,1
1406,2,2,2,3.78,1758,9,2.03,0
1463,2,1,6,4.83,1472,3,1.82,0
1622,4,1,2,4.93,1670,2,1.58,0
936,2,2,5,2.7,1714,5,2.4,1
1558,4,2,6,3.44,1111,6,2.3,1
1698,2,1,4,4.55,1291,1,1.64,1
1042,1,1,3,2.28,1630,11,2.28,0
1342,2,2,7,3.45,1382,6,2.13,0
839,1,2,2,4.14,1016,10,1.91,1
1028,1,2,11,5.98,1492,3,1.75,0
1347,2,2,6,3.9,1330,4,2.36,1
1719,1,1,4,5.26,1738,6,2.2,0
1022,4,2,6,3.73,1485,8,2.05,1
805,3,2,4,5.19,1405,9,2.11,1
1121,2,2,4,4.38,1116,6,1.59,1
1267,1,1,4,5.55,1554,7,1.97,0
1531,2,1,9,3.64,1114,5,1.69,0
874,4,1,7,4.42,1794,9,1.71,1
803,2,1,3,4.52,1548,4,2.16,1
1646,2,2,3,3.67,1624,10,2.41,1
1445,1,1,6,2.58,1546,11,1.9,1
917,4,2,6,2.37,1643,6,1.71,1
1680,3,2,4,2.07,1335,5,2.15,1
1405,3,2,9,5.49,1335,1,2.37,0
1303,1,2,4,2.95,1739,5,2.25,0
1797,2,1,9,2.85,1146,5,2.37,0
1746,1,1,4,4.94,1121,9,2.04,0
1373,1,1,2,3.28,1080,1,2.25,1
1240,1,2,2,4.02,1684,5,1.64,1
993,2,2,5,2.65,1665,7,1.85,1
1646,4,2,4,5.84,1661,11,1.89,0
1514,1,2,7,5.41,1374,6,2.01,0
1191,2,2,11,5.46,1569,6,2.43,1
825,4,1,5,3.63,1062,7,2.37,0
1234,1,2,6,5.05,1503,6,1.63,0
972,3,1,10,2.58,1667,5,1.67,1
1099,4,2,4,2.03,1448,10,1.86,1
1444,1,2,2,2.08,1427,5,1.79,1
1125,4,1,10,4.35,1426,9,2.11,0
1209,4,1,9,3.82,1420,8,2.4,1
917,4,2,10,4.07,1321,10,2.46,1
1635,4,2,7,2.03,1679,4,2.15,1
1586,4,2,4,3.69,1165,4,2.34,0
1523,4,2,3,4.87,1596,10,2.03,0
1024,1,1,10,3.77,1648,5,1.71,1
1331,3,2,3,4.93,1460,3,2.02,1
912,2,1,9,2.93,1458,8,2.06,0
939,4,2,5,5.25,1188,7,2.24,0
1358,2,1,3,4.35,1463,5,1.72,1
800,1,1,5,2.84,1378,10,1.87,0
889,4,2,2,2.95,1001,3,1.86,1
1453,3,1,11,4.51,1617,5,2.46,1
1119,2,2,4,5.32,1363,3,1.94,0
1349,4,1,10,3.66,1071,10,2.26,1
1604,1,2,2,3.03,1426,5,2.25,1
1693,3,1,2,5.47,1637,1,1.77,0
938,2,2,8,4.68,1169,6,2.07,1
1310,2,2,1,3.79,1204,10,2.39,0
1667,4,1,7,3.95,1336,4,1.98,1
1644,3,1,5,2.82,1471,4,2.45,1
1058,3,1,11,4.51,1194,8,1.71,0
1472,3,1,8,3.43,1669,2,1.57,0
1701,3,2,1,5.98,1652,4,2.39,0
1489,1,1,11,3.92,1274,2,2.35,0
809,3,2,7,3.94,1006,1,2.49,0
1060,2,1,5,4.26,1565,10,2.18,0
1718,2,2,4,5.67,1615,3,2.44,1
1449,1,2,7,5.2,1572,8,2.33,0
971,2,2,10,3.8,1598,6,2.34,1
1697,2,2,2,4.87,1769,7,2.07,0
812,3,1,1,4.34,1177,2,1.88,1
967,2,1,1,3.97,1241,6,2.43,1
1441,1,2,11,2.77,1202,8,1.93,0
1395,3,1,1,3.86,1542,8,2.04,1
1120,4,1,5,2.98,1461,4,1.95,1
1118,3,2,10,5.66,1079,6,2.06,1
1412,1,1,7,3.34,1522,5,1.97,0
1128,3,1,2,5.81,1416,9,1.55,0
1584,3,1,10,4.13,1765,8,2.38,1
1576,1,2,8,4.53,1383,2,1.94,0
1770,3,1,4,4.17,1390,7,2.09,0
1710,1,2,3,2.52,1798,7,1.64,1
1719,1,1,10,3.5,1687,11,1.5,1
1349,4,1,11,2.4,1125,1,1.75,0
1218,2,1,8,4.49,1493,1,2.2,0
1405,2,2,2,3.79,1046,4,1.6,0
894,3,2,11,5.11,1717,5,2.41,1
1616,3,1,11,2.88,1475,4,1.72,0
1380,4,2,3,2.66,1618,7,1.7,0
1117,4,1,3,3.63,1463,3,1.68,0
1755,4,2,10,5.71,1786,7,1.51,1
1035,1,2,11,4.84,1122,8,2.27,1
1745,4,1,1,3.68,1473,6,2.38,1
1133,4,1,6,4.07,1133,6,2.11,0
1684,3,1,2,2.34,1618,8,1.69,0
1175,4,1,1,5.94,1561,8,1.79,1
1258,1,2,2,4.67,1606,7,1.98,0
936,1,2,6,3.14,1779,6,2.45,0
1729,3,2,4,4.34,1022,6,1.75,0
1387,4,1,6,2.44,1565,10,2.23,1
1794,4,1,9,5.86,1765,11,1.94,0
1346,1,2,10,2.7,1234,6,1.8,0
1312,4,1,10,4.59,1058,8,1.96,1
1095,4,2,8,2.98,1163,1,1.57,0
1119,4,2,1,4.87,1770,5,2.3,1
1717,2,2,8,5.11,1215,3,1.74,0
1371,3,2,9,4.69,1182,8,2.23,1
1631,2,2,6,4.46,1568,11,1.57,1
1148,3,1,10,5.57,1656,6,2.46,0
1639,1,1,5,2.31,1089,2,1.69,0
1578,4,1,6,3.32,1310,7,2.38,1
1672,3,2,6,2.99,1556,7,2.31,0
1028,2,2,9,5.95,1256,5,2.47,1
1069,4,2,4,3.56,1532,8,1.98,0
1627,1,2,2,4.93,1532,5,2.23,0
1597,3,1,11,4.74,1051,1,1.87,0
1090,3,1,11,2.85,1337,9,1.68,0
1524,3,2,9,2.96,1170,4,1.94,1
964,4,2,2,3.13,1066,2,1.67,1
804,2,2,10,3.64,1624,4,2.48,0
1650,2,1,9,2.94,1299,9,1.6,0
1178,3,1,2,2.08,1671,2,2.09,0
877,1,1,8,5.52,1777,4,2.13,0
1209,1,2,9,5.86,1231,2,2.04,0
1373,2,2,10,3.37,1067,5,2.16,1
931,1,1,9,3.35,1505,3,1.62,1
1400,2,2,10,2.03,1027,10,2.06,0
1548,3,1,9,4.72,1627,2,1.79,1
841,2,2,2,5.3,1050,9,2.44,1
888,2,1,4,2.59,1692,5,2.26,0
1201,3,2,7,2.64,1259,10,2.47,1
1095,1,1,2,5.16,1590,5,1.54,1
1639,2,1,1,4.47,1784,1,1.79,1
1094,2,1,3,2.18,1619,6,1.7,1
1415,3,1,4,4.49,1585,7,1.51,0
1325,1,1,8,3.24,1686,1,1.74,1
1599,2,1,6,3.47,1183,9,2.18,1
1490,3,2,11,5.08,1022,8,1.73,1
1436,2,2,2,5.24,1785,8,2.01,0
1221,4,2,9,3.6,1128,7,2.39,1
1664,3,1,2,5.79,1290,5,2.19,1
822,1,1,5,3.63,1500,3,1.89,1
1374,1,2,4,5.09,1185,9,1.87,0
942,1,1,7,3.94,1478,7,1.96,0
1792,1,1,8,5.59,1570,11,1.68,0
1464,2,1,5,5.63,1491,10,2.13,0
944,2,1,10,2.35,1512,10,1.86,0
1024,1,1,5,5.75,1642,8,2.35,1
1302,1,2,2,5.3,1066,6,2.26,0
1761,1,2,8,5.17,1466,11,2.11,1
1773,2,2,2,2.8,1284,5,1.86,0
1620,1,2,10,5.22,1600,8,1.71,0
1415,1,2,6,5.4,1416,3,2.28,0
903,4,1,8,3.16,1099,7,1.99,1
1746,4,1,6,5.81,1188,2,1.72,1
838,1,1,4,2.2,1387,3,1.7,1
1746,3,1,4,2.6,1240,2,1.67,0
997,1,2,6,4.15,1781,5,2.28,0
1445,4,2,4,4.3,1730,7,1.73,0
1378,3,2,8,4.58,1416,11,2.03,0
1190,3,1,9,2.07,1175,10,1.95,0
978,1,2,1,5.84,1386,11,2.08,0
1767,4,1,4,2.18,1470,11,2.38,1
1353,4,2,4,2.57,1232,11,2.37,1
1247,3,2,2,2.06,1662,10,1.95,0
1299,1,1,6,4.27,1451,1,1.52,1
814,2,1,3,5.73,1276,10,1.93,1
1422,2,2,7,4.66,1228,9,2.11,1
1468,4,2,11,5.29,1170,1,2.06,0
1088,2,1,11,2.05,1734,1,2.15,0
1277,4,2,5,4.17,1212,10,1.65,0
1030,4,2,4,3.84,1281,8,2.15,0
1722,4,1,5,4.0,1040,6,1.68,1
1219,2,2,8,2.29,1121,6,2.25,0
956,4,1,3,4.74,1226,9,1.84,0
1349,3,2,7,4.01,1293,4,2.21,0
1240,1,1,6,5.06,1599,8,1.55,1
896,1,2,1,3.94,1266,4,1.91,1
1796,4,1,7,2.6,1540,2,2.21,1
1210,1,2,7,4.59,1758,11,1.73,1
1750,2,1,1,2.69,1450,8,2.3,1
1088,2,2,9,5.49,1448,7,2.13,0
1053,1,2,6,4.45,1755,4,2.09,1
995,2,2,2,2.63,1060,9,1.85,1
1397,1,2,5,5.85,1501,9,1.98,0
1633,1,2,11,4.07,1146,8,2.1,0
1321,1,2,4,2.29,1685,1,1.97,0
1316,4,2,7,4.51,1789,7,2.2,1
1434,1,2,8,3.01,1333,5,1.93,0
1641,4,2,11,5.21,1141,7,1.7,1
1664,1,1,11,5.27,1043,9,1.71,0
917,1,1,1,5.92,1143,2,1.51,1
1605,1,2,5,4.01,1332,11,1.8,1
1708,2,1,3,3.82,1496,4,2.25,1
958,4,2,1,5.01,1395,4,2.29,1
1614,4,2,3,2.53,1054,2,1.7,0
1027,1,1,6,4.19,1306,3,2.46,0
1676,1,2,7,4.18,1422,11,2.0,1
1015,2,2,8,2.36,1416,8,2.42,0
1747,2,1,11,3.67,1672,9,2.21,1
1495,2,1,4,5.41,1796,6,2.22,0
814,4,2,3,5.42,1324,10,1.59,0
956,4,1,5,2.4,1709,2,1.72,1
1447,4,1,9,2.36,1670,2,1.51,1
1060,1,2,6,3.05,1079,7,2.22,0
956,4,1,9,5.5,1030,8,1.84,1
846,3,1,6,2.52,1111,8,2.29,0
1123,3,2,2,4.88,1557,6,1.84,0
1643,2,1,5,2.4,1716,10,2.32,0
1484,4,1,11,4.49,1563,8,1.63,1
929,3,2,9,3.42,1649,1,1.67,1
1210,2,2,8,5.16,1471,9,1.84,0
894,4,2,7,2.93,1073,1,1.91,1
1426,1,1,1,4.56,1552,3,1.85,1
1554,3,2,4,2.94,1478,9,2.26,0
1731,1,2,7,4.85,1588,11,1.6,1
1091,4,1,11,5.49,1386,5,1.85,1
1593,3,2,7,2.51,1698,9,2.34,0
1610,4,2,6,5.47,1563,9,1.57,1
1082,1,2,8,4.37,1432,6,2.44,0
868,3,2,11,2.51,1411,11,2.49,1
1459,1,1,6,3.71,1466,1,1.59,1
810,4,2,10,2.64,1598,10,1.79,0
1053,4,2,3,4.8,1620,7,1.87,0
1641,1,1,4,5.04,1736,6,2.28,1
1671,3,2,3,2.42,1247,9,2.1,0
1349,1,1,1,4.02,1580,7,2.14,0
933,4,1,10,5.26,1119,11,2.26,1
1511,1,1,5,5.74,1066,4,1.62,0
822,4,2,1,4.05,1572,7,2.33,1
1614,1,1,1,5.8,1326,2,2.21,1
1145,3,1,2,4.14,1702,6,2.08,0
1101,3,1,4,3.58,1469,6,2.39,1
1162,1,2,6,5.39,1492,2,2.2,0
1195,1,2,8,3.97,1700,4,1.7,1
1017,3,2,3,3.89,1662,8,1.93,0
940,4,2,1,3.96,1285,8,1.99,0
1415,3,2,3,5.39,1607,8,1.56,1
1757,4,2,3,5.33,1311,8,2.45,0
1009,1,2,5,3.61,1308,1,1.63,0
1784,1,1,11,3.33,1774,2,2.2,0
1792,4,1,4,3.97,1096,4,2.01,1
1422,1,1,4,4.29,1112,9,1.53,1
1415,4,1,9,2.95,1636,3,2.42,0
1627,2,2,7,5.18,1455,6,2.35,0
1482,3,1,4,3.95,1462,7,2.02,1
1259,2,1,3,3.34,1131,8,1.73,1
1155,4,1,6,2.43,1120,7,1.62,1
1123,3,1,3,2.96,1196,3,1.86,0
932,4,2,6,5.8,1481,6,1.76,1
1687,3,2,11,3.22,1633,5,2.01,0
1604,3,2,11,2.68,1793,10,2.47,1
1639,3,1,9,3.84,1771,4,2.07,0
926,3,2,6,3.23,1038,1,2.39,1
905,4,1,4,2.14,1565,7,2.15,0
1403,3,2,5,3.29,1511,8,1.98,1
1598,3,2,6,4.18,1473,2,2.35,1
1177,2,2,11,4.21,1160,7,1.97,0
1704,1,2,3,3.43,1288,6,2.37,1
850,1,2,8,3.79,1199,5,1.79,1
828,2,1,4,5.86,1787,4,1.63,1
1261,2,2,8,3.51,1527,2,2.36,1
1095,4,1,10,3.03,1684,10,2.09,0
1096,4,1,10,2.97,1502,6,2.39,0
1525,4,1,3,3.83,1247,5,2.44,1
1578,2,1,10,5.04,1382,2,1.55,0
1206,2,1,7,2.82,1217,10,2.0,0
1568,3,2,11,4.84,1086,7,1.87,0
1613,4,2,9,2.08,1081,6,2.13,0
1412,4,2,4,3.68,1061,11,2.29,0
1204,4,2,8,5.1,1798,9,1.78,1
1145,1,1,3,3.35,1499,11,2.06,0
1421,3,2,7,4.25,1041,10,2.21,1
1219,4,2,3,2.82,1011,5,1.63,0
981,4,1,7,4.97,1745,9,2.31,1
1782,4,1,11,2.21,1642,9,2.11,1
1624,1,2,10,5.41,1114,1,2.45,1
800,1,2,10,2.79,1217,5,1.84,0
1630,2,1,11,5.5,1648,9,1.61,0
1749,3,2,11,3.41,1105,7,2.01,1
1366,2,2,6,4.89,1690,6,1.59,1
1170,3,2,2,3.28,1527,6,2.47,0
1735,1,2,11,5.62,1471,11,1.54,0
1710,4,1,3,2.51,1753,7,2.25,1
1460,2,1,6,2.71,1386,1,2.03,0
1230,4,1,4,3.97,1225,4,1.87,0
1768,2,2,6,2.33,1480,1,1.57,0
1108,1,2,1,2.78,1753,6,2.12,0
936,1,2,10,5.78,1407,4,2.09,0
1001,1,2,1,5.91,1456,1,1.78,0
1235,2,2,3,3.51,1652,9,2.41,1
1112,3,1,8,5.69,1710,4,1.8,1
916,2,2,8,4.18,1623,6,1.95,1
1465,3,2,11,3.08,1638,7,2.04,1
1736,2,1,4,4.81,1020,8,1.6,1
1602,2,2,6,4.64,1658,11,2.43,1
1374,1,1,8,5.96,1600,9,1.87,0
1043,4,1,7,3.06,1202,9,1.58,0
1336,4,1,11,4.69,1416,8,1.89,1
1401,3,1,7,2.21,1415,10,2.1,1
874,4,1,4,2.45,1447,11,2.01,1
1605,2,2,9,2.02,1511,3,2.19,0
1185,2,1,10,6.0,1084,2,1.56,0
1702,1,1,6,5.21,1166,5,1.78,0
1009,1,2,11,5.15,1383,1,2.32,0
1274,4,2,3,4.04,1467,3,1.58,1
1217,3,1,5,3.2,1071,1,2.36,1
1146,4,2,5,2.61,1520,3,1.59,1
1328,4,2,5,3.14,1792,4,2.33,1
1439,4,1,8,3.5,1472,7,1.86,0
1738,4,1,9,5.03,1257,5,2.11,0
1754,2,2,9,4.16,1274,5,1.65,1
1675,3,1,6,2.31,1749,1,1.57,0
1562,2,1,6,2.07,1019,8,1.72,0
978,3,2,9,2.41,1489,4,1.63,0
981,1,1,4,3.64,1744,10,1.81,0
1463,4,1,6,5.73,1489,5,2.01,1
824,2,1,4,4.55,1732,2,2.09,0
1766,3,1,11,5.21,1325,1,2.29,1
979,1,1,1,3.87,1528,9,2.16,0
1509,1,2,7,3.45,1088,2,2.11,0
1300,4,2,10,2.43,1485,6,1.91,1
1655,3,1,11,5.5,1707,1,1.97,1
960,2,2,6,5.13,1349,1,1.91,0
976,4,1,9,2.67,1083,9,2.34,0
1084,2,1,7,4.05,1386,4,1.73,1
862,1,1,7,3.95,1086,9,1.51,0
1461,2,1,2,4.5,1306,11,2.15,0
1465,2,1,11,5.78,1153,5,1.7,1
955,4,2,9,4.32,1439,7,2.39,0
1681,2,2,10,4.16,1739,1,2.36,0
1268,4,1,9,2.2,1263,6,1.58,0
848,1,2,6,2.25,1734,8,1.61,0
1766,4,1,3,2.75,1420,1,2.0,0
1648,4,2,1,2.13,1492,9,2.11,1
883,3,1,4,4.97,1632,3,1.77,0
1160,2,2,3,4.89,1410,1,2.22,1
1488,1,1,1,2.54,1172,1,2.09,1
947,4,1,3,5.34,1003,11,1.82,0
1429,1,2,4,2.62,1639,6,1.53,1
1141,3,2,8,3.2,1471,11,2.25,0
1275,2,1,9,3.0,1109,6,1.71,1
862,4,2,3,3.49,1036,1,2.33,1
1500,2,1,6,3.02,1582,3,1.92,1
1159,3,2,10,3.96,1030,7,2.08,0
1360,3,2,11,3.63,1380,10,2.37,1
1126,1,1,5,5.95,1267,3,2.36,1
1568,4,2,6,2.22,1010,3,1.87,1
1535,1,2,4,2.57,1343,3,1.71,0
940,3,1,10,2.21,1543,7,2.28,0
1789,2,2,6,4.5,1568,4,1.93,1
1014,1,1,7,2.22,1165,4,1.69,1
1234,1,1,9,5.35,1699,3,2.4,1
1690,2,1,10,4.05,1341,10,1.7,1
1751,1,1,7,4.11,1481,11,1.53,0
1522,2,1,6,4.25,1018,9,1.52,0
1117,4,2,1,2.68,1627,2,2.12,0
831,2,1,2,2.79,1183,4,2.16,1
1469,4,1,1,3.28,1781,8,1.81,0
1084,2,2,9,4.37,1544,6,1.82,1
1104,3,2,10,2.84,1009,7,1.84,1
1228,3,2,10,2.47,1591,7,2.18,1
1276,4,1,9,5.88,1191,2,1.56,0
1085,4,1,7,2.09,1319,4,2.43,1
943,3,1,2,5.21,1701,10,1.72,0
1223,4,2,6,5.15,1579,10,2.5,1
818,2,1,11,3.19,1474,6,1.67,0
817,2,2,4,2.54,1636,3,2.27,1
1568,3,1,1,2.58,1426,9,1.72,0
1389,1,2,1,4.79,1058,4,1.58,1
1170,2,1,5,4.57,1435,10,2.37,0
974,4,1,2,5.13,1096,2,2.36,1
993,1,1,4,5.75,1495,6,1.9,1
1301,1,2,1,4.77,1786,1,2.2,1
1787,2,2,4,2.62,1660,6,2.06,0
912,2,1,11,2.97,1277,10,2.35,1
913,1,1,6,5.37,1264,1,1.82,1
1021,1,1,10,2.84,1008,8,2.02,1
1477,3,2,4,2.29,1456,5,1.99,0
1746,4,1,1,4.81,1794,6,1.85,1
1630,3,1,7,3.61,1272,2,2.39,1
1443,2,1,2,5.68,1007,2,1.67,0
1696,3,1,9,4.6,1207,9,1.65,1
1063,3,2,3,2.36,1636,3,2.08,0
1724,3,2,8,5.79,1122,6,2.16,1
854,3,1,8,3.03,1032,10,1.69,0
1670,4,1,3,3.35,1512,5,1.89,0
1442,4,2,4,3.61,1203,4,2.45,0
1599,1,2,2,2.2,1517,10,1.75,1
1577,2,1,4,3.99,1516,2,2.17,1
1257,3,2,11,2.49,1442,8,2.24,0
1778,1,2,11,3.6,1591,10,1.95,1
1677,1,1,11,3.4,1785,7,2.44,1
961,1,2,9,5.09,1688,11,2.24,0
1179,4,2,2,5.21,1338,2,1.96,0
1792,3,1,3,2.61,1437,6,2.07,0
886,3,1,11,3.47,1444,8,2.19,0
854,2,2,11,3.49,1135,7,2.09,1
1275,3,1,4,2.61,1386,1,2.38,1
1599,3,2,5,5.19,1024,5,1.86,1
977,1,1,1,4.83,1505,2,1.8,1
1190,2,2,7,2.76,1324,6,1.71,1
1148,3,1,10,3.47,1694,7,1.54,1
807,4,2,7,2.42,1679,7,1.54,0
1632,3,2,9,4.51,1337,3,2.37,1
1112,1,2,4,2.49,1689,7,2.18,1
1558,4,1,6,5.94,1094,5,2.16,1
1634,1,1,11,5.12,1544,8,2.11,0
1783,3,2,2,3.56,1622,8,2.35,0
1782,4,2,4,4.31,1145,7,1.98,1
1242,2,1,2,5.65,1230,6,2.37,0
1566,2,1,10,4.22,1783,2,1.86,0
1127,4,1,5,2.7,1494,6,2.43,1
853,4,1,7,3.51,1037,11,2.2,1
1560,1,1,1,5.37,1424,9,1.76,1
1038,4,1,10,4.58,1646,2,2.06,0
1028,1,2,10,4.6,1746,1,2.03,0
1378,3,1,7,5.47,1436,11,1.64,1
850,1,2,10,5.58,1367,5,2.09,0
1408,4,1,6,5.68,1344,11,1.81,0
1403,4,1,6,2.38,1159,6,1.55,0
1063,3,2,8,4.18,1549,3,2.45,1
1217,4,2,8,4.96,1661,8,2.14,1
1602,4,1,6,5.03,1540,7,2.38,1
895,2,2,3,4.43,1143,2,2.18,1
887,2,2,5,2.67,1587,7,1.86,1
877,3,2,2,5.19,1656,1,2.01,0
1087,1,2,5,4.88,1740,9,2.18,0
919,2,1,9,2.34,1575,7,2.46,0
1613,1,2,10,3.86,1344,6,1.75,0
1290,4,1,1,2.7,1268,2,2.37,0
1711,2,1,10,3.35,1695,3,2.42,0
1251,3,1,5,2.07,1772,1,2.17,1
1299,3,1,6,3.6,1267,10,2.43,1
964,3,2,11,4.2,1168,5,1.9,0
981,2,2,7,4.48,1770,9,2.45,1
1268,1,1,9,4.65,1738,6,2.2,0
1709,4,1,6,5.35,1032,5,1.54,0
1534,1,1,5,2.86,1376,3,2.41,1
1622,1,1,7,2.48,1213,5,1.98,1
1743,4,2,1,5.41,1561,8,1.96,0
1777,4,1,11,2.63,1439,2,2.07,1
806,2,2,5,5.9,1491,5,1.65,0
1129,2,1,2,5.37,1392,6,1.97,0
1574,2,1,4,4.0,1488,10,2.33,0
1472,2,1,7,5.93,1721,8,1.52,0
950,2,1,5,2.39,1028,8,1.77,0
884,4,2,6,3.21,1038,5,1.5,1
946,1,2,2,4.55,1611,9,1.92,0
1423,2,2,3,3.4,1172,4,2.23,1
1180,2,1,7,5.71,1016,9,2.3,0
1714,1,1,11,2.26,1055,11,2.45,1
1347,2,2,2,4.2,1225,7,2.11,0
1084,1,2,6,4.36,1557,6,1.75,1
1499,1,1,5,4.61,1066,4,2.42,0
881,4,1,10,3.02,1196,2,2.28,0
1313,3,2,1,3.46,1653,8,2.07,1
1696,4,1,11,5.37,1022,6,2.2,1
1614,3,1,10,2.78,1605,3,2.42,1
1508,3,2,11,5.31,1753,7,2.21,1
1715,3,1,4,4.25,1236,10,1.87,1
1322,2,2,11,5.05,1565,7,2.21,1
1545,4,1,2,4.85,1137,6,1.54,0
1185,3,2,4,2.83,1472,2,1.89,0
1506,1,1,1,4.28,1783,8,1.91,0
1270,2,2,2,5.47,1552,1,1.67,1
918,4,2,8,3.73,1609,1,1.52,1
1195,3,2,6,5.87,1694,6,1.63,1
1331,1,2,2,3.81,1639,5,2.15,0
1060,4,1,6,2.57,1228,9,2.3,1
1604,4,1,10,3.56,1316,7,2.49,0
1733,2,2,9,5.81,1597,2,1.85,1
1055,4,1,7,3.28,1767,7,2.1,1
1533,2,1,9,5.47,1720,3,2.44,1
1704,3,1,5,5.53,1726,1,1.67,0
1025,2,1,7,3.4,1611,11,2.22,1
852,1,1,11,2.33,1560,8,2.25,0
1739,2,2,7,4.9,1200,3,1.59,1
1666,1,2,3,3.25,1257,11,2.36,1
1299,2,2,7,5.13,1479,8,2.31,1
1305,4,2,1,3.77,1177,7,1.53,1
1653,3,1,9,3.94,1756,2,1.59,0
1163,1,1,10,5.11,1122,1,1.55,1
1079,2,2,6,3.53,1341,7,1.83,0
1392,2,1,5,3.77,1170,1,2.01,1
1513,2,1,7,3.5,1647,6,2.03,1
957,4,2,5,3.47,1058,11,1.77,1
1431,4,1,10,4.1,1704,10,2.41,0
858,1,2,5,5.24,1464,11,1.87,1
1526,1,2,11,3.45,1779,10,1.55,0
927,4,1,10,4.1,1259,8,1.8,0
1535,1,1,11,4.68,1372,7,2.03,1
1520,3,2,7,3.08,1094,4,1.91,0
1681,3,2,10,3.11,1124,1,1.77,1
914,4,1,7,5.73,1040,1,1.63,0
1008,1,2,11,4.89,1253,4,2.32,0
1325,2,2,3,4.31,1006,5,2.5,0
1320,3,2,3,4.59,1470,7,1.83,0
1351,4,1,10,2.12,1727,4,1.88,1
1761,1,2,3,4.47,1510,10,2.12,0
1036,4,1,6,4.04,1580,1,2.22,1
1080,2,2,6,4.18,1068,11,1.89,0
1158,3,1,3,3.44,1080,10,2.4,1
1000,4,2,3,2.33,1541,7,2.06,1
1557,4,1,8,2.77,1584,2,1.95,0
1077,4,1,8,5.8,1261,11,2.15,0
1034,2,1,7,3.63,1088,2,2.45,1
1293,4,2,10,3.87,1207,8,2.29,0
803,2,2,4,2.21,1212,10,1.54,0
1465,2,2,4,2.15,1265,10,1.83,0
1241,2,1,3,4.87,1292,10,1.97,0
828,3,2,5,4.15,1206,5,1.81,0
908,3,1,3,4.03,1332,10,2.2,0
1409,4,2,8,2.97,1076,2,2.33,0
1526,4,1,7,4.98,1287,5,2.23,0
1604,3,1,3,2.67,1046,8,2.49,0
874,1,1,9,2.76,1621,6,1.77,1
1637,3,2,5,3.84,1199,3,2.37,0
945,2,2,9,3.15,1426,8,2.27,0
927,3,2,7,2.99,1209,9,1.86,0
1652,2,1,7,4.58,1419,5,2.23,0
841,4,1,6,4.6,1153,2,1.6,0
1155,1,2,2,5.3,1521,2,2.29,1
840,4,2,9,3.67,1414,7,2.03,1
1733,2,2,6,2.29,1352,1,1.79,0
833,2,1,8,3.09,1156,10,2.16,1
816,2,1,1,5.92,1260,2,2.14,0
1476,1,1,5,4.39,1076,10,1.71,0
952,3,1,1,4.84,1768,4,1.53,1
1797,4,1,10,2.03,1487,1,1.93,1
1177,4,2,11,4.07,1130,4,2.07,1
1387,3,1,8,2.15,1578,11,2.38,1
1398,4,1,8,4.28,1454,10,2.43,1
1428,1,1,1,5.68,1739,5,2.03,0
1673,4,1,9,5.87,1162,9,2.25,0
1141,2,1,2,4.16,1014,1,1.94,0
1780,3,2,9,3.83,1231,5,2.25,1
826,1,1,1,5.78,1194,2,1.7,0
1624,3,1,10,4.69,1541,9,1.87,1
1086,1,1,9,2.26,1358,6,2.13,0
1445,2,2,4,3.86,1330,2,1.52,1
1530,3,2,9,2.96,1426,3,2.22,1
967,4,2,7,3.88,1496,8,2.34,0
1409,1,1,11,3.82,1485,1,1.9,0
1067,3,2,6,4.33,1448,3,1.95,0
1548,4,1,5,3.43,1412,10,2.35,0
1620,3,1,11,2.66,1329,1,2.28,1
1254,3,2,9,4.01,1731,11,1.79,0
1705,3,1,2,5.32,1146,11,1.82,1
1484,1,1,11,4.66,1258,8,2.18,0
1200,4,1,2,3.35,1291,1,2.06,0
1721,2,2,11,5.74,1142,5,1.66,0
1780,1,1,9,5.65,1746,4,1.81,0
1275,1,1,3,2.84,1626,7,2.4,0
1501,1,2,8,2.16,1364,5,2.19,1
1433,2,1,11,4.97,1089,8,2.49,0
1357,4,1,9,5.31,1719,11,2.27,1
1375,4,2,8,5.87,1163,1,2.44,0
929,4,1,4,5.56,1480,5,1.72,1
1621,3,1,1,4.4,1083,4,2.27,0
1162,3,1,4,4.12,1076,3,1.52,0
1504,3,1,9,2.11,1672,5,2.17,0
1618,2,1,2,2.99,1516,10,1.97,1
1492,3,2,3,3.84,1484,3,1.85,1
1091,2,2,10,4.51,1589,8,2.36,0
1170,4,2,8,4.23,1602,3,2.35,0
1593,3,2,6,4.97,1598,1,1.52,0
828,3,1,8,3.12,1781,9,2.11,1
948,1,1,7,4.26,1103,9,1.87,0
1578,2,1,5,2.35,1451,6,1.92,1
1095,4,1,9,3.65,1486,10,2.33,0
810,1,1,4,5.0,1338,1,1.81,1
1311,1,2,6,4.77,1686,8,2.44,1
1475,4,2,2,5.96,1565,2,1.68,1
912,1,1,2,3.11,1477,9,2.16,0
986,2,1,2,3.99,1722,8,2.17,1
1606,2,1,10,3.32,1606,3,1.75,0
1543,3,2,7,3.76,1222,5,1.82,1
1026,1,1,2,5.43,1008,9,2.33,0
1109,3,1,2,4.74,1052,1,2.26,1
897,1,1,9,5.53,1076,9,1.83,1
854,2,2,7,2.81,1717,4,2.03,0
1422,2,1,11,5.49,1502,4,1.56,0
1463,2,2,3,2.24,1315,4,1.71,1
1557,1,2,3,5.55,1623,10,1.99,1
1205,2,2,7,3.32,1164,9,1.59,0
868,1,2,5,3.26,1278,6,2.34,1
1111,3,2,10,4.05,1026,11,2.22,1
1088,1,2,6,5.76,1069,8,2.44,0
1561,3,1,8,2.19,1217,4,2.19,0
1347,1,1,9,3.41,1364,3,2.44,0
1550,3,1,1,5.43,1700,1,2.05,1
947,2,2,3,3.58,1305,10,2.1,1
1266,3,1,11,2.8,1123,7,2.48,1
1538,2,2,7,3.7,1018,4,2.14,0
1043,2,2,6,3.54,1256,8,1.53,1
1290,3,2,7,5.66,1295,3,2.22,0
1648,1,1,8,5.05,1021,1,2.41,0
1757,1,2,6,4.02,1449,5,2.3,1
1306,4,2,3,5.95,1551,2,2.08,0
1164,1,1,2,3.86,1549,3,2.17,1
1281,4,1,7,2.23,1047,6,2.49,0
1000,1,2,11,3.05,1694,3,1.59,0
953,1,2,1,3.74,1586,3,2.17,0
1249,2,1,3,2.63,1720,6,1.78,1
1300,4,1,11,5.79,1182,5,2.14,0
872,1,1,4,5.07,1434,10,2.11,1
1512,4,2,1,3.07,1106,9,1.65,0
1095,2,1,5,4.36,1187,1,1.71,0
816,2,1,10,4.89,1775,3,2.12,0
1440,4,1,3,5.77,1085,3,1.63,1
1016,2,2,2,5.53,1455,11,1.77,1
860,3,1,3,4.06,1136,6,2.34,1
1738,3,1,8,5.1,1335,8,1.83,1
1415,2,1,6,4.25,1606,3,1.99,1
841,3,1,7,4.21,1756,3,2.44,0
824,1,1,6,2.46,1468,6,1.73,0
838,4,2,6,2.5,1601,8,1.89,1
1602,1,2,3,4.12,1570,6,2.11,1
930,4,2,8,3.08,1402,10,2.26,1
1297,2,1,7,2.08,1539,3,2.4,1
1028,1,2,7,4.89,1071,4,2.42,0
907,2,2,6,2.13,1781,1,2.28,1
971,2,2,5,4.38,1023,8,1.73,1
1234,4,1,10,4.16,1623,4,1.52,1
1277,4,1,8,5.88,1484,6,1.88,1
901,4,2,5,3.94,1055,11,1.64,0
1665,1,2,9,2.25,1222,3,2.21,0
1323,3,1,9,4.21,1631,11,2.16,1
1074,4,1,1,5.36,1178,11,1.54,0
1412,4,2,6,5.99,1799,6,2.34,0
843,1,1,7,3.72,1433,11,1.75,1
1754,4,2,3,3.28,1449,9,1.93,1
1616,1,1,7,5.63,1792,9,2.17,0
1756,2,2,11,2.76,1491,10,1.93,0
816,4,2,11,4.46,1188,3,1.94,0
1129,4,1,7,3.62,1577,3,1.57,0
1368,2,2,11,2.16,1419,4,1.9,0
1622,2,2,2,3.39,1248,7,2.26,1
1296,2,2,7,3.06,1587,3,2.42,0
1614,4,1,1,4.74,1648,10,1.91,0
811,3,1,5,5.8,1163,8,1.92,0
1117,3,1,9,3.07,1744,11,2.2,0
1391,3,2,7,5.25,1254,8,2.44,0
1015,4,1,7,2.22,1475,6,1.77,0
1138,2,2,11,4.15,1416,4,1.94,0
1575,4,2,2,2.28,1169,11,2.3,0
1790,2,1,8,5.74,1316,11,2.11,1
1460,4,1,3,5.07,1173,5,1.61,1
880,4,2,8,4.63,1469,2,2.13,0
1526,2,2,3,5.3,1344,6,1.69,1
1284,3,1,10,4.59,1444,3,2.01,1
1173,2,1,7,5.88,1017,6,2.03,1
1775,1,1,2,4.86,1069,5,2.38,1
1509,1,2,4,5.7,1337,2,1.96,1
999,2,2,11,4.07,1627,5,1.78,1
1336,4,2,6,2.47,1591,5,1.73,0
1265,1,2,11,4.11,1526,9,2.37,0
888,1,2,9,2.51,1687,11,1.67,1
1067,4,1,5,4.37,1455,8,1.93,0
1454,4,1,9,3.93,1268,7,1.69,1
1370,3,2,5,4.49,1630,3,2.27,0
1721,4,2,10,2.04,1187,10,1.97,0
1288,2,1,8,2.78,1568,4,1.85,0
1676,2,1,1,3.97,1710,6,1.86,1
1337,3,1,7,5.8,1528,3,2.35,0
846,1,1,4,3.53,1433,11,2.05,0
1087,1,2,5,3.7,1287,9,2.22,1
1577,4,1,6,4.86,1566,8,2.4,1
815,2,2,5,4.42,1498,6,2.4,0
1510,1,1,1,3.2,1440,4,1.83,1
1200,3,1,9,3.64,1780,7,2.45,0
1718,3,1,2,2.87,1302,11,1.52,0
1593,2,2,9,5.86,1086,3,1.88,1
1780,3,2,10,2.52,1437,10,2.4,1
885,3,1,2,3.49,1540,8,1.77,0
1049,2,2,9,2.1,1021,1,1.77,1
1190,4,2,6,2.89,1796,3,1.8,0
1581,4,1,11,5.12,1559,11,2.11,1
1134,3,1,9,2.8,1516,5,1.94,1
1428,4,2,6,2.32,1761,5,2.23,1
1318,4,2,6,3.9,1674,10,2.39,1
936,3,2,11,2.04,1502,2,2.17,1
1682,4,1,2,2.34,1713,10,1.7,0
1487,3,1,8,5.23,1466,8,2.43,0
1639,1,2,3,5.09,1100,5,1.76,0
1297,2,1,7,5.66,1582,7,1.65,1
1626,2,1,5,5.42,1674,7,1.59,0
1526,4,2,3,4.73,1684,5,2.06,0
1276,4,2,1,2.21,1140,8,1.61,1
1393,4,1,8,5.13,1137,9,1.64,1
1022,2,1,3,5.38,1577,4,1.8,1
